edo_origen,cd_origen,edo_destino,cd_destino,distancia(km),cost_combustible(MXN),cost_casetas(MXN),cost_total(MXN),tiempo(hrs)
Aguascalientes,Aguascalientes,Baja California,Mexicali,2279.52,4027.2,2560.0,6587.2,22.566666666666666
Aguascalientes,Aguascalientes,Baja California Sur,La Paz,3910.49,6908.5,2929.0,9837.5,42.983333333333334
Aguascalientes,Aguascalientes,Campeche,Campeche,1625.44,2871.6,2200.0,5071.6,16.3
Aguascalientes,Aguascalientes,Chihuahua,Chihuahua,959.14,1694.5,920.0,2614.5,9.833333333333334
Aguascalientes,Aguascalientes,Chiapas,Tuxtla Gutiérrez,1332.6,2354.3,2120.0,4474.3,12.416666666666666
Aguascalientes,Aguascalientes,Distrito Federal,Cd. De México (Zócalo),505.83,893.6,781.0,1674.6,5.016666666666667
Aguascalientes,Aguascalientes,Coahuila,Saltillo,491.35,868.1,41.0,909.1,5.683333333333334
Aguascalientes,Aguascalientes,Colima,Colima,426.07,752.7,856.0,1608.7,4.083333333333333
Aguascalientes,Aguascalientes,Durango,Durango,426.89,754.2,102.0,856.2,4.9
Aguascalientes,Aguascalientes,Guanajuato,Guanajuato,185.28,327.3,329.0,656.3,1.8333333333333335
Aguascalientes,Aguascalientes,Guerrero,Chilpancingo,775.33,1369.7,1024.0,2393.7,7.733333333333333
Aguascalientes,Aguascalientes,Hidalgo,Pachuca,534.22,943.8,684.0,1627.8,5.283333333333333
Aguascalientes,Aguascalientes,Jalisco,Guadalajara,236.77,418.3,543.0,961.3,2.283333333333333
Aguascalientes,Aguascalientes,México,Toluca,502.65,888.0,860.0,1748.0,4.833333333333333
Aguascalientes,Aguascalientes,Michoacán,Morelia,323.57,571.6,528.0,1099.6,3.15
Aguascalientes,Aguascalientes,Morelos,Cuernavaca,587.37,1037.7,783.0,1820.7,6.083333333333333
Aguascalientes,Aguascalientes,Nayarit,Tepic,438.39,774.5,817.0,1591.5,4.316666666666666
Aguascalientes,Aguascalientes,Nuevo León,Monterrey,691.07,1220.9,310.0,1530.9,7.283333333333333
Aguascalientes,Aguascalientes,Oaxaca,Oaxaca,960.98,1697.7,1345.0,3042.7,8.983333333333333
Aguascalientes,Aguascalientes,Puebla,Puebla,622.7,1100.1,1018.0,2118.1,5.85
Aguascalientes,Aguascalientes,Querétaro,Querétaro,293.33,518.2,477.0,995.2,2.7666666666666666
Aguascalientes,Aguascalientes,Quintana Roo,Chetumal,1817.66,3211.2,1998.0,5209.2,18.616666666666667
Aguascalientes,Aguascalientes,San Luis Potosí,San Luis Potosí,205.0,362.2,101.0,463.2,2.2666666666666666
Aguascalientes,Aguascalientes,Sinaloa,Culiacán,920.28,1625.8,1785.0,3410.8,8.883333333333333
Aguascalientes,Aguascalientes,Sonora,Hermosillo,1585.79,2801.6,2339.0,5140.6,15.25
Aguascalientes,Aguascalientes,Tabasco,Villahermosa,1242.9,2195.8,1950.0,4145.8,11.616666666666667
Aguascalientes,Aguascalientes,Tamaulipas,Cd. Victoria,516.66,912.8,247.0,1159.8,5.75
Aguascalientes,Aguascalientes,Tlaxcala,Tlaxcala,608.99,1075.9,1047.0,2122.9,5.65
Aguascalientes,Aguascalientes,Veracruz,Xalapa,793.22,1401.4,1497.0,2898.4,7.516666666666667
Aguascalientes,Aguascalientes,Yucatán,Mérida,1783.61,3151.0,2200.0,5351.0,18.4
Aguascalientes,Aguascalientes,Zacatecas,Zacatecas,125.36,221.5,41.0,262.5,1.4666666666666668
Baja California,Mexicali,Aguascalientes,Aguascalientes,2279.52,4027.2,2560.0,6587.2,22.566666666666666
Baja California,Mexicali,Baja California Sur,La Paz,1632.44,2884.0,283.0,3167.0,20.716666666666665
Baja California,Mexicali,Campeche,Campeche,3703.7,6543.2,4569.0,11112.2,36.88333333333333
Baja California,Mexicali,Chihuahua,Chihuahua,1231.83,2176.2,361.0,2537.2,13.933333333333334
Baja California,Mexicali,Chiapas,Tuxtla Gutiérrez,3410.86,6025.9,4489.0,10514.9,33.0
Baja California,Mexicali,Distrito Federal,Cd. De México (Zócalo),2584.09,4565.2,3150.0,7715.2,25.616666666666667
Baja California,Mexicali,Coahuila,Saltillo,1977.58,3493.7,1261.0,4754.7,21.2
Baja California,Mexicali,Colima,Colima,2230.05,3939.8,2330.0,6269.8,22.05
Baja California,Mexicali,Durango,Durango,1819.27,3214.0,1726.0,4940.0,18.133333333333333
Baja California,Mexicali,Guanajuato,Guanajuato,2327.1,4111.2,2589.0,6700.2,23.116666666666667
Baja California,Mexicali,Guerrero,Chilpancingo,2829.53,4998.8,3268.0,8266.8,27.933333333333334
Baja California,Mexicali,Hidalgo,Pachuca,2596.48,4587.1,3093.0,7680.1,25.45
Baja California,Mexicali,Jalisco,Guadalajara,2047.75,3617.7,2017.0,5634.7,20.383333333333333
Baja California,Mexicali,México,Toluca,2509.11,4432.8,2901.0,7333.8,24.716666666666665
Baja California,Mexicali,Michoacán,Morelia,2330.03,4116.4,2569.0,6685.4,23.05
Baja California,Mexicali,Morelos,Cuernavaca,2627.7,4642.3,3025.0,7667.3,26.416666666666668
Baja California,Mexicali,Nayarit,Tepic,1840.13,3250.9,1743.0,4993.9,18.366666666666667
Baja California,Mexicali,Nuevo León,Monterrey,2047.58,3617.4,1261.0,4878.4,22.366666666666667
Baja California,Mexicali,Oaxaca,Oaxaca,3039.24,5369.3,3714.0,9083.3,29.566666666666666
Baja California,Mexicali,Puebla,Puebla,2700.96,4771.7,3387.0,8158.7,26.433333333333334
Baja California,Mexicali,Querétaro,Querétaro,2403.0,4245.3,2509.0,6754.3,24.016666666666666
Baja California,Mexicali,Quintana Roo,Chetumal,3895.92,6882.8,4367.0,11249.8,39.2
Baja California,Mexicali,San Luis Potosí,San Luis Potosí,2258.45,3989.9,1240.0,5229.9,24.65
Baja California,Mexicali,Sinaloa,Culiacán,1388.92,2453.8,741.0,3194.8,14.116666666666667
Baja California,Mexicali,Sonora,Hermosillo,693.73,1225.6,221.0,1446.6,7.3
Baja California,Mexicali,Tabasco,Villahermosa,3321.16,5867.4,4319.0,10186.4,32.21666666666667
Baja California,Mexicali,Tamaulipas,Cd. Victoria,2365.58,4179.2,1261.0,5440.2,25.866666666666667
Baja California,Mexicali,Tlaxcala,Tlaxcala,2687.24,4747.5,3416.0,8163.5,26.233333333333334
Baja California,Mexicali,Veracruz,Xalapa,2892.69,5110.4,3673.0,8783.4,28.5
Baja California,Mexicali,Yucatán,Mérida,3861.87,6822.6,4569.0,11391.6,38.983333333333334
Baja California,Mexicali,Zacatecas,Zacatecas,2121.08,3747.2,1787.0,5534.2,21.516666666666666
Baja California Sur,La Paz,Aguascalientes,Aguascalientes,3913.99,6914.7,2929.0,9843.7,43.016666666666666
Baja California Sur,La Paz,Baja California,Mexicali,1635.94,2890.2,283.0,3173.2,20.75
Baja California Sur,La Paz,Campeche,Campeche,5338.17,9430.8,4938.0,14368.8,57.333333333333336
Baja California Sur,La Paz,Chihuahua,Chihuahua,2866.31,5063.8,730.0,5793.8,34.38333333333333
Baja California Sur,La Paz,Chiapas,Tuxtla Gutiérrez,5045.33,8913.4,4858.0,13771.4,53.45
Baja California Sur,La Paz,Distrito Federal,Cd. De México (Zócalo),4218.57,7452.8,3519.0,10971.8,46.083333333333336
Baja California Sur,La Paz,Coahuila,Saltillo,3612.05,6381.3,1630.0,8011.3,41.666666666666664
Baja California Sur,La Paz,Colima,Colima,3864.52,6827.3,2699.0,9526.3,42.5
Baja California Sur,La Paz,Durango,Durango,3453.74,6101.6,2095.0,8196.6,38.583333333333336
Baja California Sur,La Paz,Guanajuato,Guanajuato,3961.57,6998.8,2958.0,9956.8,43.56666666666667
Baja California Sur,La Paz,Guerrero,Chilpancingo,4464.0,7886.4,3637.0,11523.4,48.4
Baja California Sur,La Paz,Hidalgo,Pachuca,4230.96,7474.7,3462.0,10936.7,45.916666666666664
Baja California Sur,La Paz,Jalisco,Guadalajara,3682.22,6505.3,2386.0,8891.3,40.833333333333336
Baja California Sur,La Paz,México,Toluca,4143.59,7320.3,3270.0,10590.3,45.166666666666664
Baja California Sur,La Paz,Michoacán,Morelia,3964.51,7004.0,2938.0,9942.0,43.5
Baja California Sur,La Paz,Morelos,Cuernavaca,4262.17,7529.8,3394.0,10923.8,46.86666666666667
Baja California Sur,La Paz,Nayarit,Tepic,3474.6,6138.5,2112.0,8250.5,38.81666666666667
Baja California Sur,La Paz,Nuevo León,Monterrey,3682.05,6505.0,1630.0,8135.0,42.833333333333336
Baja California Sur,La Paz,Oaxaca,Oaxaca,4673.72,8256.9,4083.0,12339.9,50.016666666666666
Baja California Sur,La Paz,Puebla,Puebla,4335.44,7659.3,3756.0,11415.3,46.88333333333333
Baja California Sur,La Paz,Querétaro,Querétaro,4037.48,7132.9,2878.0,10010.9,44.46666666666667
Baja California Sur,La Paz,Quintana Roo,Chetumal,5530.39,9770.4,4736.0,14506.4,59.65
Baja California Sur,La Paz,San Luis Potosí,San Luis Potosí,3948.39,6975.5,2156.0,9131.5,44.333333333333336
Baja California Sur,La Paz,Sinaloa,Culiacán,3023.39,5341.3,1110.0,6451.3,34.56666666666667
Baja California Sur,La Paz,Sonora,Hermosillo,2328.21,4113.2,590.0,4703.2,27.766666666666666
Baja California Sur,La Paz,Tabasco,Villahermosa,4955.63,8754.9,4688.0,13442.9,52.666666666666664
Baja California Sur,La Paz,Tamaulipas,Cd. Victoria,4000.05,7066.8,1630.0,8696.8,46.333333333333336
Baja California Sur,La Paz,Tlaxcala,Tlaxcala,4321.72,7635.0,3785.0,11420.0,46.68333333333333
Baja California Sur,La Paz,Veracruz,Xalapa,4527.16,7998.0,4042.0,12040.0,48.95
Baja California Sur,La Paz,Yucatán,Mérida,5496.34,9710.2,4938.0,14648.2,59.43333333333333
Baja California Sur,La Paz,Zacatecas,Zacatecas,3755.56,6634.8,2156.0,8790.8,41.96666666666667
Campeche,Campeche,Aguascalientes,Aguascalientes,1625.44,2871.6,2200.0,5071.6,16.3
Campeche,Campeche,Baja California,Mexicali,3703.7,6543.2,4569.0,11112.2,36.88333333333333
Campeche,Campeche,Baja California Sur,La Paz,5334.68,9424.6,4938.0,14362.6,57.3
Campeche,Campeche,Chihuahua,Chihuahua,2553.23,4510.7,2655.0,7165.7,26.2
Campeche,Campeche,Chiapas,Tuxtla Gutiérrez,634.34,1120.7,374.0,1494.7,7.5
Campeche,Campeche,Distrito Federal,Cd. De México (Zócalo),1132.59,2000.9,1366.0,3366.9,12.116666666666667
Campeche,Campeche,Coahuila,Saltillo,1962.67,3467.4,1941.0,5408.4,19.866666666666667
Campeche,Campeche,Colima,Colima,1850.26,3268.8,2865.0,6133.8,18.4
Campeche,Campeche,Durango,Durango,2020.98,3570.4,1837.0,5407.4,21.266666666666666
Campeche,Campeche,Guanajuato,Guanajuato,1480.18,2615.0,1895.0,4510.0,15.15
Campeche,Campeche,Guerrero,Chilpancingo,1324.04,2339.1,1585.0,3924.1,13.833333333333334
Campeche,Campeche,Hidalgo,Pachuca,1145.44,2023.6,1426.0,3449.6,11.95
Campeche,Campeche,Jalisco,Guadalajara,1660.96,2934.4,2552.0,5486.4,16.583333333333332
Campeche,Campeche,México,Toluca,1199.9,2119.8,1454.0,3573.8,12.916666666666666
Campeche,Campeche,Michoacán,Morelia,1424.15,2516.0,2000.0,4516.0,14.416666666666666
Campeche,Campeche,Morelos,Cuernavaca,1151.08,2033.6,1344.0,3377.6,12.316666666666666
Campeche,Campeche,Nayarit,Tepic,1862.57,3290.5,2826.0,6116.5,18.633333333333333
Campeche,Campeche,Nuevo León,Monterrey,2012.67,3555.7,1985.0,5540.7,20.5
Campeche,Campeche,Oaxaca,Oaxaca,1193.38,2108.3,1359.0,3467.3,12.383333333333333
Campeche,Campeche,Puebla,Puebla,1008.48,1781.6,1182.0,2963.6,10.633333333333333
Campeche,Campeche,Querétaro,Querétaro,1332.11,2353.4,1723.0,4076.4,13.583333333333334
Campeche,Campeche,Quintana Roo,Chetumal,379.26,670.0,,670.0,5.1
Campeche,Campeche,San Luis Potosí,San Luis Potosí,1526.61,2697.0,1776.0,4473.0,15.466666666666667
Campeche,Campeche,Sinaloa,Culiacán,2344.46,4141.9,3794.0,7935.9,23.2
Campeche,Campeche,Sonora,Hermosillo,3009.97,5317.6,4348.0,9665.6,29.566666666666666
Campeche,Campeche,Tabasco,Villahermosa,382.54,675.8,250.0,925.8,4.666666666666667
Campeche,Campeche,Tamaulipas,Cd. Victoria,1586.81,2803.4,1169.0,3972.4,17.7
Campeche,Campeche,Tlaxcala,Tlaxcala,1039.74,1836.9,1182.0,3018.9,10.883333333333333
Campeche,Campeche,Veracruz,Xalapa,945.41,1670.2,999.0,2669.2,10.183333333333334
Campeche,Campeche,Yucatán,Mérida,158.06,279.2,,279.2,2.2333333333333334
Campeche,Campeche,Zacatecas,Zacatecas,1750.79,3093.1,2241.0,5334.1,17.766666666666666
Chihuahua,Chihuahua,Aguascalientes,Aguascalientes,959.14,1694.5,920.0,2614.5,9.833333333333334
Chihuahua,Chihuahua,Baja California,Mexicali,1231.83,2176.2,361.0,2537.2,13.966666666666667
Chihuahua,Chihuahua,Baja California Sur,La Paz,2862.81,5057.6,730.0,5787.6,34.38333333333333
Chihuahua,Chihuahua,Campeche,Campeche,2553.23,4510.7,2655.0,7165.7,26.2
Chihuahua,Chihuahua,Chiapas,Tuxtla Gutiérrez,2260.39,3993.4,2575.0,6568.4,22.316666666666666
Chihuahua,Chihuahua,Distrito Federal,Cd. De México (Zócalo),1433.62,2532.7,1236.0,3768.7,14.916666666666666
Chihuahua,Chihuahua,Coahuila,Saltillo,745.75,1317.5,900.0,2217.5,7.266666666666667
Chihuahua,Chihuahua,Colima,Colima,1385.21,2447.2,1776.0,4223.2,13.933333333333334
Chihuahua,Chihuahua,Durango,Durango,688.35,1216.1,1163.0,2379.1,6.433333333333334
Chihuahua,Chihuahua,Guanajuato,Guanajuato,1144.42,2021.8,1249.0,3270.8,11.683333333333334
Chihuahua,Chihuahua,Guerrero,Chilpancingo,1734.47,3064.2,1944.0,5008.2,17.566666666666666
Chihuahua,Chihuahua,Hidalgo,Pachuca,1446.01,2554.6,1179.0,3733.6,14.766666666666667
Chihuahua,Chihuahua,Jalisco,Guadalajara,1195.91,2112.8,1463.0,3575.8,12.116666666666667
Chihuahua,Chihuahua,México,Toluca,1408.62,2488.6,1025.0,3513.6,14.8
Chihuahua,Chihuahua,Michoacán,Morelia,1282.71,2266.1,1448.0,3714.1,13.0
Chihuahua,Chihuahua,Morelos,Cuernavaca,1515.16,2676.8,1238.0,3914.8,15.983333333333333
Chihuahua,Chihuahua,Nayarit,Tepic,1138.12,2010.7,2516.0,4526.7,10.55
Chihuahua,Chihuahua,Nuevo León,Monterrey,815.75,1441.2,900.0,2341.2,8.433333333333334
Chihuahua,Chihuahua,Oaxaca,Oaxaca,1888.77,3336.8,1800.0,5136.8,18.883333333333333
Chihuahua,Chihuahua,Puebla,Puebla,1550.49,2739.2,1473.0,4212.2,15.75
Chihuahua,Chihuahua,Querétaro,Querétaro,1230.62,2174.1,879.0,3053.1,12.816666666666666
Chihuahua,Chihuahua,Quintana Roo,Chetumal,2745.45,4850.3,2453.0,7303.3,28.516666666666666
Chihuahua,Chihuahua,San Luis Potosí,San Luis Potosí,1026.62,1813.7,879.0,2692.7,10.716666666666667
Chihuahua,Chihuahua,Sinaloa,Culiacán,1138.83,2011.9,2114.0,4125.9,10.75
Chihuahua,Chihuahua,Sonora,Hermosillo,880.93,1556.3,326.0,1882.3,9.866666666666667
Chihuahua,Chihuahua,Tabasco,Villahermosa,2170.69,3834.9,2405.0,6239.9,21.516666666666666
Chihuahua,Chihuahua,Tamaulipas,Cd. Victoria,1133.75,2003.0,900.0,2903.0,11.933333333333334
Chihuahua,Chihuahua,Tlaxcala,Tlaxcala,1536.78,2715.0,1502.0,4217.0,15.55
Chihuahua,Chihuahua,Veracruz,Xalapa,1721.01,3040.5,1952.0,4992.5,17.433333333333334
Chihuahua,Chihuahua,Yucatán,Mérida,2711.4,4790.1,2655.0,7445.1,28.3
Chihuahua,Chihuahua,Zacatecas,Zacatecas,833.79,1473.0,879.0,2352.0,8.35
Chiapas,Tuxtla Gutiérrez,Aguascalientes,Aguascalientes,1332.6,2354.3,2120.0,4474.3,12.416666666666666
Chiapas,Tuxtla Gutiérrez,Baja California,Mexicali,3410.86,6025.9,4489.0,10514.9,33.0
Chiapas,Tuxtla Gutiérrez,Baja California Sur,La Paz,5041.83,8907.2,4858.0,13765.2,53.43333333333333
Chiapas,Tuxtla Gutiérrez,Campeche,Campeche,634.34,1120.7,374.0,1494.7,7.5
Chiapas,Tuxtla Gutiérrez,Chihuahua,Chihuahua,2260.39,3993.4,2575.0,6568.4,22.316666666666666
Chiapas,Tuxtla Gutiérrez,Distrito Federal,Cd. De México (Zócalo),839.75,1483.6,1286.0,2769.6,8.233333333333333
Chiapas,Tuxtla Gutiérrez,Coahuila,Saltillo,1669.83,2950.0,1861.0,4811.0,15.983333333333333
Chiapas,Tuxtla Gutiérrez,Colima,Colima,1557.42,2751.4,2785.0,5536.4,14.516666666666667
Chiapas,Tuxtla Gutiérrez,Durango,Durango,1728.14,3053.0,1757.0,4810.0,17.383333333333333
Chiapas,Tuxtla Gutiérrez,Guanajuato,Guanajuato,1187.34,2097.6,1815.0,3912.6,11.283333333333333
Chiapas,Tuxtla Gutiérrez,Guerrero,Chilpancingo,1031.2,1821.8,1505.0,3326.8,9.95
Chiapas,Tuxtla Gutiérrez,Hidalgo,Pachuca,852.6,1506.3,1346.0,2852.3,8.083333333333334
Chiapas,Tuxtla Gutiérrez,Jalisco,Guadalajara,1368.12,2417.0,2472.0,4889.0,12.716666666666667
Chiapas,Tuxtla Gutiérrez,México,Toluca,907.05,1602.5,1374.0,2976.5,9.033333333333333
Chiapas,Tuxtla Gutiérrez,Michoacán,Morelia,1131.31,1998.6,1920.0,3918.6,10.533333333333333
Chiapas,Tuxtla Gutiérrez,Morelos,Cuernavaca,858.24,1516.2,1264.0,2780.2,8.433333333333334
Chiapas,Tuxtla Gutiérrez,Nayarit,Tepic,1569.73,2773.2,2746.0,5519.2,14.766666666666667
Chiapas,Tuxtla Gutiérrez,Nuevo León,Monterrey,1719.83,3038.4,1905.0,4943.4,16.616666666666667
Chiapas,Tuxtla Gutiérrez,Oaxaca,Oaxaca,567.21,1002.1,258.0,1260.1,7.95
Chiapas,Tuxtla Gutiérrez,Puebla,Puebla,715.64,1264.3,1102.0,2366.3,6.75
Chiapas,Tuxtla Gutiérrez,Querétaro,Querétaro,1039.27,1836.0,1643.0,3479.0,9.7
Chiapas,Tuxtla Gutiérrez,Quintana Roo,Chetumal,826.56,1460.3,172.0,1632.3,9.8
Chiapas,Tuxtla Gutiérrez,San Luis Potosí,San Luis Potosí,1233.77,2179.7,1696.0,3875.7,11.583333333333334
Chiapas,Tuxtla Gutiérrez,Sinaloa,Culiacán,2051.62,3624.5,3714.0,7338.5,19.316666666666666
Chiapas,Tuxtla Gutiérrez,Sonora,Hermosillo,2717.13,4800.3,4268.0,9068.3,25.683333333333334
Chiapas,Tuxtla Gutiérrez,Tabasco,Villahermosa,251.8,444.8,124.0,568.8,2.8166666666666664
Chiapas,Tuxtla Gutiérrez,Tamaulipas,Cd. Victoria,1293.97,2286.0,1089.0,3375.0,13.816666666666666
Chiapas,Tuxtla Gutiérrez,Tlaxcala,Tlaxcala,746.9,1319.5,1102.0,2421.5,7.0
Chiapas,Tuxtla Gutiérrez,Veracruz,Xalapa,652.57,1152.9,919.0,2071.9,6.3
Chiapas,Tuxtla Gutiérrez,Yucatán,Mérida,792.51,1400.1,374.0,1774.1,9.6
Chiapas,Tuxtla Gutiérrez,Zacatecas,Zacatecas,1457.95,2575.7,2161.0,4736.7,13.9
Distrito Federal,Cd. De México (Zócalo),Aguascalientes,Aguascalientes,505.83,893.6,781.0,1674.6,5.016666666666667
Distrito Federal,Cd. De México (Zócalo),Baja California,Mexicali,2584.09,4565.2,3089.0,7654.2,25.616666666666667
Distrito Federal,Cd. De México (Zócalo),Baja California Sur,La Paz,4215.07,7446.6,3458.0,10904.6,46.05
Distrito Federal,Cd. De México (Zócalo),Campeche,Campeche,1132.59,2000.9,1366.0,3366.9,12.116666666666667
Distrito Federal,Cd. De México (Zócalo),Chihuahua,Chihuahua,1433.62,2532.7,1236.0,3768.7,14.916666666666666
Distrito Federal,Cd. De México (Zócalo),Chiapas,Tuxtla Gutiérrez,839.75,1483.6,1286.0,2769.6,8.233333333333333
Distrito Federal,Cd. De México (Zócalo),Coahuila,Saltillo,843.07,1489.4,522.0,2011.4,8.583333333333334
Distrito Federal,Cd. De México (Zócalo),Colima,Colima,730.65,1290.8,1385.0,2675.8,7.133333333333334
Distrito Federal,Cd. De México (Zócalo),Durango,Durango,901.37,1592.4,418.0,2010.4,9.983333333333333
Distrito Federal,Cd. De México (Zócalo),Guanajuato,Guanajuato,360.58,637.0,476.0,1113.0,3.8666666666666667
Distrito Federal,Cd. De México (Zócalo),Guerrero,Chilpancingo,276.6,488.7,363.0,851.7,3.066666666666667
Distrito Federal,Cd. De México (Zócalo),Hidalgo,Pachuca,97.35,172.0,56.0,228.0,1.25
Distrito Federal,Cd. De México (Zócalo),Jalisco,Guadalajara,541.35,956.4,1072.0,2028.4,5.333333333333333
Distrito Federal,Cd. De México (Zócalo),México,Toluca,70.9,125.3,88.0,213.3,1.1
Distrito Federal,Cd. De México (Zócalo),Michoacán,Morelia,304.54,538.0,520.0,1058.0,3.15
Distrito Federal,Cd. De México (Zócalo),Morelos,Cuernavaca,88.64,156.6,122.0,278.6,1.4166666666666667
Distrito Federal,Cd. De México (Zócalo),Nayarit,Tepic,742.97,1312.6,1346.0,2658.6,7.383333333333334
Distrito Federal,Cd. De México (Zócalo),Nuevo León,Monterrey,893.07,1577.8,566.0,2143.8,9.216666666666667
Distrito Federal,Cd. De México (Zócalo),Oaxaca,Oaxaca,468.14,827.0,511.0,1338.0,4.8
Distrito Federal,Cd. De México (Zócalo),Puebla,Puebla,129.86,229.4,184.0,413.4,1.6666666666666665
Distrito Federal,Cd. De México (Zócalo),Querétaro,Querétaro,212.5,375.4,304.0,679.4,2.3
Distrito Federal,Cd. De México (Zócalo),Quintana Roo,Chetumal,1324.81,2340.5,1164.0,3504.5,14.433333333333334
Distrito Federal,Cd. De México (Zócalo),San Luis Potosí,San Luis Potosí,407.0,719.0,357.0,1076.0,4.183333333333334
Distrito Federal,Cd. De México (Zócalo),Sinaloa,Culiacán,1224.85,2163.9,2314.0,4477.9,11.933333333333334
Distrito Federal,Cd. De México (Zócalo),Sonora,Hermosillo,1890.36,3339.6,2868.0,6207.6,18.316666666666666
Distrito Federal,Cd. De México (Zócalo),Tabasco,Villahermosa,750.05,1325.1,1116.0,2441.1,7.433333333333334
Distrito Federal,Cd. De México (Zócalo),Tamaulipas,Cd. Victoria,718.66,1269.6,503.0,1772.6,7.666666666666667
Distrito Federal,Cd. De México (Zócalo),Tlaxcala,Tlaxcala,124.14,219.3,213.0,432.3,1.5333333333333332
Distrito Federal,Cd. De México (Zócalo),Veracruz,Xalapa,300.38,530.7,663.0,1193.7,3.3333333333333335
Distrito Federal,Cd. De México (Zócalo),Yucatán,Mérida,1290.76,2280.3,1366.0,3646.3,14.216666666666667
Distrito Federal,Cd. De México (Zócalo),Zacatecas,Zacatecas,631.18,1115.1,822.0,1937.1,6.5
Coahuila,Saltillo,Aguascalientes,Aguascalientes,491.35,868.1,41.0,909.1,5.683333333333334
Coahuila,Saltillo,Baja California,Mexicali,1977.58,3493.7,1261.0,4754.7,21.25
Coahuila,Saltillo,Baja California Sur,La Paz,3608.56,6375.1,1630.0,8005.1,41.666666666666664
Coahuila,Saltillo,Campeche,Campeche,1962.67,3467.4,1941.0,5408.4,19.866666666666667
Coahuila,Saltillo,Chihuahua,Chihuahua,745.75,1317.5,900.0,2217.5,7.266666666666667
Coahuila,Saltillo,Chiapas,Tuxtla Gutiérrez,1669.83,2950.0,1861.0,4811.0,15.983333333333333
Coahuila,Saltillo,Distrito Federal,Cd. De México (Zócalo),843.07,1489.4,522.0,2011.4,8.583333333333334
Coahuila,Saltillo,Colima,Colima,984.78,1739.8,1090.0,2829.8,9.733333333333333
Coahuila,Saltillo,Durango,Durango,528.57,933.8,911.0,1844.8,5.166666666666667
Coahuila,Saltillo,Guanajuato,Guanajuato,623.91,1102.2,189.0,1291.2,6.633333333333333
Coahuila,Saltillo,Guerrero,Chilpancingo,1112.57,1965.5,765.0,2730.5,11.3
Coahuila,Saltillo,Hidalgo,Pachuca,855.46,1511.3,465.0,1976.3,8.433333333333334
Coahuila,Saltillo,Jalisco,Guadalajara,795.48,1405.3,777.0,2182.3,7.933333333333334
Coahuila,Saltillo,México,Toluca,818.07,1445.3,311.0,1756.3,8.466666666666667
Coahuila,Saltillo,Michoacán,Morelia,762.19,1346.5,388.0,1734.5,7.95
Coahuila,Saltillo,Morelos,Cuernavaca,924.61,1633.5,524.0,2157.5,9.65
Coahuila,Saltillo,Nayarit,Tepic,978.34,1728.4,2264.0,3992.4,9.3
Coahuila,Saltillo,Nuevo León,Monterrey,70.0,123.7,,123.7,1.1666666666666667
Coahuila,Saltillo,Oaxaca,Oaxaca,1298.22,2293.5,1086.0,3379.5,12.55
Coahuila,Saltillo,Puebla,Puebla,959.94,1695.9,759.0,2454.9,9.416666666666666
Coahuila,Saltillo,Querétaro,Querétaro,640.07,1130.8,165.0,1295.8,6.483333333333333
Coahuila,Saltillo,Quintana Roo,Chetumal,2154.89,3807.0,1739.0,5546.0,22.183333333333334
Coahuila,Saltillo,San Luis Potosí,San Luis Potosí,448.31,792.0,96.0,888.0,4.616666666666667
Coahuila,Saltillo,Sinaloa,Culiacán,979.05,1729.7,1862.0,3591.7,9.483333333333333
Coahuila,Saltillo,Sonora,Hermosillo,1644.56,2905.4,2416.0,5321.4,15.85
Coahuila,Saltillo,Tabasco,Villahermosa,1580.13,2791.6,1691.0,4482.6,15.2
Coahuila,Saltillo,Tamaulipas,Cd. Victoria,388.0,685.5,,685.5,4.666666666666667
Coahuila,Saltillo,Tlaxcala,Tlaxcala,946.22,1671.7,788.0,2459.7,9.216666666666667
Coahuila,Saltillo,Veracruz,Xalapa,1130.46,1997.1,1238.0,3235.1,11.1
Coahuila,Saltillo,Yucatán,Mérida,2120.84,3746.8,1941.0,5687.8,21.966666666666665
Coahuila,Saltillo,Zacatecas,Zacatecas,366.0,646.6,,646.6,4.2
Colima,Colima,Aguascalientes,Aguascalientes,426.07,752.7,856.0,1608.7,4.233333333333333
Colima,Colima,Baja California,Mexicali,2230.05,3939.8,2330.0,6269.8,22.2
Colima,Colima,Baja California Sur,La Paz,3861.02,6821.1,2699.0,9520.1,42.61666666666667
Colima,Colima,Campeche,Campeche,1850.26,3268.8,2865.0,6133.8,18.55
Colima,Colima,Chihuahua,Chihuahua,1385.21,2447.2,1776.0,4223.2,14.066666666666666
Colima,Colima,Chiapas,Tuxtla Gutiérrez,1557.42,2751.4,2785.0,5536.4,14.666666666666666
Colima,Colima,Distrito Federal,Cd. De México (Zócalo),730.65,1290.8,1446.0,2736.8,7.283333333333333
Colima,Colima,Coahuila,Saltillo,984.78,1739.8,1090.0,2829.8,9.883333333333333
Colima,Colima,Durango,Durango,852.96,1506.9,958.0,2464.9,9.15
Colima,Colima,Guanajuato,Guanajuato,473.65,836.8,885.0,1721.8,4.783333333333333
Colima,Colima,Guerrero,Chilpancingo,765.54,1352.5,369.0,1721.5,9.5
Colima,Colima,Hidalgo,Pachuca,743.04,1312.7,1389.0,2701.7,7.133333333333334
Colima,Colima,Jalisco,Guadalajara,194.3,343.3,313.0,656.3,2.05
Colima,Colima,México,Toluca,655.67,1158.4,1197.0,2355.4,6.383333333333334
Colima,Colima,Michoacán,Morelia,476.59,842.0,865.0,1707.0,4.716666666666667
Colima,Colima,Morelos,Cuernavaca,774.26,1367.9,1321.0,2688.9,8.083333333333334
Colima,Colima,Nayarit,Tepic,388.92,687.1,587.0,1274.1,3.95
Colima,Colima,Nuevo León,Monterrey,1034.78,1828.1,1134.0,2962.1,10.516666666666667
Colima,Colima,Oaxaca,Oaxaca,1185.8,2094.9,2010.0,4104.9,11.233333333333333
Colima,Colima,Puebla,Puebla,847.52,1497.3,1683.0,3180.3,8.1
Colima,Colima,Querétaro,Querétaro,549.56,970.9,805.0,1775.9,5.683333333333334
Colima,Colima,Quintana Roo,Chetumal,2042.48,3608.4,2663.0,6271.4,20.866666666666667
Colima,Colima,San Luis Potosí,San Luis Potosí,548.72,969.4,925.0,1894.4,5.483333333333333
Colima,Colima,Sinaloa,Culiacán,870.81,1538.4,1555.0,3093.4,8.516666666666667
Colima,Colima,Sonora,Hermosillo,1536.32,2714.2,2109.0,4823.2,14.883333333333333
Colima,Colima,Tabasco,Villahermosa,1467.72,2593.0,2615.0,5208.0,13.883333333333333
Colima,Colima,Tamaulipas,Cd. Victoria,860.37,1520.0,1071.0,2591.0,8.966666666666667
Colima,Colima,Tlaxcala,Tlaxcala,833.8,1473.0,1712.0,3185.0,7.9
Colima,Colima,Veracruz,Xalapa,1018.04,1798.5,2162.0,3960.5,9.783333333333333
Colima,Colima,Yucatán,Mérida,2008.43,3548.2,2865.0,6413.2,20.65
Colima,Colima,Zacatecas,Zacatecas,551.42,974.2,897.0,1871.2,5.716666666666667
Durango,Durango,Aguascalientes,Aguascalientes,426.89,754.2,102.0,856.2,4.9
Durango,Durango,Baja California,Mexicali,1819.27,3214.0,1726.0,4940.0,18.133333333333333
Durango,Durango,Baja California Sur,La Paz,3450.25,6095.4,2095.0,8190.4,38.55
Durango,Durango,Campeche,Campeche,2020.98,3570.4,1837.0,5407.4,21.266666666666666
Durango,Durango,Chihuahua,Chihuahua,688.35,1216.1,1163.0,2379.1,6.433333333333334
Durango,Durango,Chiapas,Tuxtla Gutiérrez,1728.14,3053.0,1757.0,4810.0,17.383333333333333
Durango,Durango,Distrito Federal,Cd. De México (Zócalo),901.37,1592.4,418.0,2010.4,9.983333333333333
Durango,Durango,Coahuila,Saltillo,528.57,933.8,911.0,1844.8,5.166666666666667
Durango,Durango,Colima,Colima,852.96,1506.9,958.0,2464.9,9.0
Durango,Durango,Guanajuato,Guanajuato,612.17,1081.5,431.0,1512.5,6.75
Durango,Durango,Guerrero,Chilpancingo,1202.22,2123.9,1126.0,3249.9,12.633333333333333
Durango,Durango,Hidalgo,Pachuca,913.76,1614.3,361.0,1975.3,9.833333333333334
Durango,Durango,Jalisco,Guadalajara,666.93,1178.2,1627.0,2805.2,6.283333333333333
Durango,Durango,México,Toluca,876.37,1548.3,207.0,1755.3,9.866666666666667
Durango,Durango,Michoacán,Morelia,750.45,1325.8,630.0,1955.8,8.066666666666666
Durango,Durango,Morelos,Cuernavaca,982.91,1736.5,420.0,2156.5,11.05
Durango,Durango,Nayarit,Tepic,459.32,811.5,1353.0,2164.5,4.266666666666667
Durango,Durango,Nuevo León,Monterrey,598.57,1057.5,911.0,1968.5,6.333333333333333
Durango,Durango,Oaxaca,Oaxaca,1356.52,2396.5,982.0,3378.5,13.95
Durango,Durango,Puebla,Puebla,1018.24,1798.9,655.0,2453.9,10.816666666666666
Durango,Durango,Querétaro,Querétaro,698.37,1233.8,61.0,1294.8,7.883333333333333
Durango,Durango,Quintana Roo,Chetumal,2213.2,3910.0,1635.0,5545.0,23.583333333333332
Durango,Durango,San Luis Potosí,San Luis Potosí,494.37,873.4,61.0,934.4,5.783333333333333
Durango,Durango,Sinaloa,Culiacán,460.03,812.7,951.0,1763.7,4.45
Durango,Durango,Sonora,Hermosillo,1125.54,1988.5,1505.0,3493.5,10.816666666666666
Durango,Durango,Tabasco,Villahermosa,1638.44,2894.6,1587.0,4481.6,16.6
Durango,Durango,Tamaulipas,Cd. Victoria,818.27,1445.6,138.0,1583.6,9.5
Durango,Durango,Tlaxcala,Tlaxcala,1004.52,1774.7,684.0,2458.7,10.616666666666667
Durango,Durango,Veracruz,Xalapa,1188.76,2100.1,1134.0,3234.1,12.5
Durango,Durango,Yucatán,Mérida,2179.15,3849.8,1837.0,5686.8,23.366666666666667
Durango,Durango,Zacatecas,Zacatecas,301.54,532.7,61.0,593.7,3.4166666666666665
Guanajuato,Guanajuato,Aguascalientes,Aguascalientes,185.28,327.3,329.0,656.3,1.8333333333333335
Guanajuato,Guanajuato,Baja California,Mexicali,2327.1,4111.2,2589.0,6700.2,23.116666666666667
Guanajuato,Guanajuato,Baja California Sur,La Paz,3958.07,6992.6,2958.0,9950.6,43.53333333333333
Guanajuato,Guanajuato,Campeche,Campeche,1480.18,2615.0,1895.0,4510.0,15.15
Guanajuato,Guanajuato,Chihuahua,Chihuahua,1144.42,2021.8,1249.0,3270.8,11.683333333333334
Guanajuato,Guanajuato,Chiapas,Tuxtla Gutiérrez,1187.34,2097.6,1815.0,3912.6,11.283333333333333
Guanajuato,Guanajuato,Distrito Federal,Cd. De México (Zócalo),360.58,637.0,476.0,1113.0,3.8666666666666667
Guanajuato,Guanajuato,Coahuila,Saltillo,623.91,1102.2,189.0,1291.2,6.633333333333333
Guanajuato,Guanajuato,Colima,Colima,473.65,836.8,885.0,1721.8,4.633333333333333
Guanajuato,Guanajuato,Durango,Durango,612.17,1081.5,431.0,1512.5,6.75
Guanajuato,Guanajuato,Guerrero,Chilpancingo,630.08,1113.1,719.0,1832.1,6.583333333333333
Guanajuato,Guanajuato,Hidalgo,Pachuca,372.97,658.9,419.0,1077.9,3.716666666666667
Guanajuato,Guanajuato,Jalisco,Guadalajara,284.35,502.4,572.0,1074.4,2.8166666666666664
Guanajuato,Guanajuato,México,Toluca,357.39,631.4,555.0,1186.4,3.6833333333333336
Guanajuato,Guanajuato,Michoacán,Morelia,178.31,315.0,223.0,538.0,2.0166666666666666
Guanajuato,Guanajuato,Morelos,Cuernavaca,442.12,781.1,478.0,1259.1,4.933333333333334
Guanajuato,Guanajuato,Nayarit,Tepic,485.97,858.5,846.0,1704.5,4.866666666666667
Guanajuato,Guanajuato,Nuevo León,Monterrey,673.91,1190.6,233.0,1423.6,7.266666666666667
Guanajuato,Guanajuato,Oaxaca,Oaxaca,815.73,1441.1,1040.0,2481.1,7.833333333333333
Guanajuato,Guanajuato,Puebla,Puebla,477.45,843.5,713.0,1556.5,4.7
Guanajuato,Guanajuato,Querétaro,Querétaro,148.08,261.6,172.0,433.6,1.6333333333333333
Guanajuato,Guanajuato,Quintana Roo,Chetumal,1672.4,2954.6,1693.0,4647.6,17.466666666666665
Guanajuato,Guanajuato,San Luis Potosí,San Luis Potosí,187.84,331.9,24.0,355.9,2.2333333333333334
Guanajuato,Guanajuato,Sinaloa,Culiacán,967.86,1709.9,1814.0,3523.9,9.433333333333334
Guanajuato,Guanajuato,Sonora,Hermosillo,1633.37,2885.6,2368.0,5253.6,15.8
Guanajuato,Guanajuato,Tabasco,Villahermosa,1097.64,1939.2,1645.0,3584.2,10.483333333333333
Guanajuato,Guanajuato,Tamaulipas,Cd. Victoria,499.5,882.4,170.0,1052.4,5.716666666666667
Guanajuato,Guanajuato,Tlaxcala,Tlaxcala,463.73,819.3,742.0,1561.3,4.5
Guanajuato,Guanajuato,Veracruz,Xalapa,647.97,1144.7,1192.0,2336.7,6.383333333333334
Guanajuato,Guanajuato,Yucatán,Mérida,1638.35,2894.4,1895.0,4789.4,17.25
Guanajuato,Guanajuato,Zacatecas,Zacatecas,310.63,548.8,370.0,918.8,3.3166666666666664
Guerrero,Chilpancingo,Aguascalientes,Aguascalientes,775.33,1369.7,1024.0,2393.7,7.733333333333333
Guerrero,Chilpancingo,Baja California,Mexicali,2829.53,4998.8,3268.0,8266.8,27.933333333333334
Guerrero,Chilpancingo,Baja California Sur,La Paz,4460.51,7880.2,3637.0,11517.2,48.36666666666667
Guerrero,Chilpancingo,Campeche,Campeche,1324.04,2339.1,1585.0,3924.1,13.833333333333334
Guerrero,Chilpancingo,Chihuahua,Chihuahua,1734.47,3064.2,1944.0,5008.2,17.566666666666666
Guerrero,Chilpancingo,Chiapas,Tuxtla Gutiérrez,1031.2,1821.8,1505.0,3326.8,9.95
Guerrero,Chilpancingo,Distrito Federal,Cd. De México (Zócalo),276.6,488.7,363.0,851.7,3.066666666666667
Guerrero,Chilpancingo,Coahuila,Saltillo,1112.57,1965.5,765.0,2730.5,11.3
Guerrero,Chilpancingo,Colima,Colima,976.09,1724.4,1564.0,3288.4,9.45
Guerrero,Chilpancingo,Durango,Durango,1202.22,2123.9,1126.0,3249.9,12.633333333333333
Guerrero,Chilpancingo,Guanajuato,Guanajuato,630.08,1113.1,719.0,1832.1,6.583333333333333
Guerrero,Chilpancingo,Hidalgo,Pachuca,374.77,662.1,458.0,1120.1,4.133333333333334
Guerrero,Chilpancingo,Jalisco,Guadalajara,786.79,1390.0,1251.0,2641.0,7.65
Guerrero,Chilpancingo,México,Toluca,298.78,527.8,264.0,791.8,3.25
Guerrero,Chilpancingo,Michoacán,Morelia,523.14,924.2,626.0,1550.2,5.85
Guerrero,Chilpancingo,Morelos,Cuernavaca,175.96,310.9,241.0,551.9,1.65
Guerrero,Chilpancingo,Nayarit,Tepic,988.4,1746.2,1525.0,3271.2,9.7
Guerrero,Chilpancingo,Nuevo León,Monterrey,1162.57,2053.9,809.0,2862.9,11.916666666666666
Guerrero,Chilpancingo,Oaxaca,Oaxaca,659.58,1165.3,730.0,1895.3,6.5
Guerrero,Chilpancingo,Puebla,Puebla,315.56,557.5,403.0,960.5,3.183333333333333
Guerrero,Chilpancingo,Querétaro,Querétaro,482.0,851.5,547.0,1398.5,5.0
Guerrero,Chilpancingo,Quintana Roo,Chetumal,1516.26,2678.7,1383.0,4061.7,16.133333333333333
Guerrero,Chilpancingo,San Luis Potosí,San Luis Potosí,676.5,1195.1,600.0,1795.1,6.9
Guerrero,Chilpancingo,Sinaloa,Culiacán,1470.29,2597.5,2493.0,5090.5,14.25
Guerrero,Chilpancingo,Sonora,Hermosillo,2135.8,3773.2,3047.0,6820.2,20.616666666666667
Guerrero,Chilpancingo,Tabasco,Villahermosa,941.5,1663.3,1335.0,2998.3,9.15
Guerrero,Chilpancingo,Tamaulipas,Cd. Victoria,988.16,1745.7,746.0,2491.7,10.383333333333333
Guerrero,Chilpancingo,Tlaxcala,Tlaxcala,352.56,622.9,403.0,1025.9,3.6333333333333333
Guerrero,Chilpancingo,Veracruz,Xalapa,513.03,906.4,689.0,1595.4,5.45
Guerrero,Chilpancingo,Yucatán,Mérida,1482.21,2618.6,1585.0,4203.6,15.933333333333334
Guerrero,Chilpancingo,Zacatecas,Zacatecas,900.68,1591.2,1065.0,2656.2,9.2
Hidalgo,Pachuca,Aguascalientes,Aguascalientes,518.22,915.5,724.0,1639.5,4.866666666666667
Hidalgo,Pachuca,Baja California,Mexicali,2596.48,4587.1,3093.0,7680.1,25.45
Hidalgo,Pachuca,Baja California Sur,La Paz,4227.46,7468.5,3462.0,10930.5,45.88333333333333
Hidalgo,Pachuca,Campeche,Campeche,1145.44,2023.6,1426.0,3449.6,11.95
Hidalgo,Pachuca,Chihuahua,Chihuahua,1446.01,2554.6,1179.0,3733.6,14.766666666666667
Hidalgo,Pachuca,Chiapas,Tuxtla Gutiérrez,852.6,1506.3,1346.0,2852.3,8.083333333333334
Hidalgo,Pachuca,Distrito Federal,Cd. De México (Zócalo),97.35,172.0,56.0,228.0,1.25
Hidalgo,Pachuca,Coahuila,Saltillo,855.46,1511.3,465.0,1976.3,8.433333333333334
Hidalgo,Pachuca,Colima,Colima,743.04,1312.7,1389.0,2701.7,6.983333333333333
Hidalgo,Pachuca,Durango,Durango,913.76,1614.3,361.0,1975.3,9.833333333333334
Hidalgo,Pachuca,Guanajuato,Guanajuato,372.97,658.9,419.0,1077.9,3.716666666666667
Hidalgo,Pachuca,Guerrero,Chilpancingo,374.77,662.1,458.0,1120.1,4.116666666666666
Hidalgo,Pachuca,Jalisco,Guadalajara,553.74,978.3,1076.0,2054.3,5.166666666666667
Hidalgo,Pachuca,México,Toluca,183.9,324.9,218.0,542.9,1.95
Hidalgo,Pachuca,Michoacán,Morelia,316.93,559.9,524.0,1083.9,2.9833333333333334
Hidalgo,Pachuca,Morelos,Cuernavaca,186.81,330.0,217.0,547.0,2.466666666666667
Hidalgo,Pachuca,Nayarit,Tepic,755.36,1334.5,1350.0,2684.5,7.216666666666667
Hidalgo,Pachuca,Nuevo León,Monterrey,905.46,1599.6,509.0,2108.6,9.066666666666666
Hidalgo,Pachuca,Oaxaca,Oaxaca,480.98,849.7,571.0,1420.7,4.633333333333333
Hidalgo,Pachuca,Puebla,Puebla,142.7,252.1,244.0,496.1,1.5
Hidalgo,Pachuca,Querétaro,Querétaro,224.89,397.3,247.0,644.3,2.15
Hidalgo,Pachuca,Quintana Roo,Chetumal,1337.66,2363.2,1224.0,3587.2,14.266666666666667
Hidalgo,Pachuca,San Luis Potosí,San Luis Potosí,419.39,740.9,300.0,1040.9,4.033333333333333
Hidalgo,Pachuca,Sinaloa,Culiacán,1237.24,2185.8,2318.0,4503.8,11.766666666666667
Hidalgo,Pachuca,Sonora,Hermosillo,1902.75,3361.5,2872.0,6233.5,18.15
Hidalgo,Pachuca,Tabasco,Villahermosa,762.9,1347.8,1176.0,2523.8,7.283333333333333
Hidalgo,Pachuca,Tamaulipas,Cd. Victoria,731.05,1291.5,446.0,1737.5,7.516666666666667
Hidalgo,Pachuca,Tlaxcala,Tlaxcala,128.99,227.9,273.0,500.9,1.3
Hidalgo,Pachuca,Veracruz,Xalapa,313.22,553.4,723.0,1276.4,3.183333333333333
Hidalgo,Pachuca,Yucatán,Mérida,1303.61,2303.0,1426.0,3729.0,14.066666666666666
Hidalgo,Pachuca,Zacatecas,Zacatecas,643.57,1137.0,765.0,1902.0,6.333333333333333
Jalisco,Guadalajara,Aguascalientes,Aguascalientes,236.77,418.3,543.0,961.3,2.283333333333333
Jalisco,Guadalajara,Baja California,Mexicali,2047.75,3617.7,2017.0,5634.7,20.383333333333333
Jalisco,Guadalajara,Baja California Sur,La Paz,3678.72,6499.1,2386.0,8885.1,40.8
Jalisco,Guadalajara,Campeche,Campeche,1660.96,2934.4,2552.0,5486.4,16.583333333333332
Jalisco,Guadalajara,Chihuahua,Chihuahua,1195.91,2112.8,1463.0,3575.8,12.116666666666667
Jalisco,Guadalajara,Chiapas,Tuxtla Gutiérrez,1368.12,2417.0,2472.0,4889.0,12.716666666666667
Jalisco,Guadalajara,Distrito Federal,Cd. De México (Zócalo),541.35,956.4,1133.0,2089.4,5.333333333333333
Jalisco,Guadalajara,Coahuila,Saltillo,795.48,1405.3,777.0,2182.3,7.933333333333334
Jalisco,Guadalajara,Colima,Colima,194.3,343.3,313.0,656.3,1.9
Jalisco,Guadalajara,Durango,Durango,666.93,1178.2,1627.0,2805.2,6.283333333333333
Jalisco,Guadalajara,Guanajuato,Guanajuato,284.35,502.4,572.0,1074.4,2.8166666666666664
Jalisco,Guadalajara,Guerrero,Chilpancingo,786.79,1390.0,1251.0,2641.0,7.65
Jalisco,Guadalajara,Hidalgo,Pachuca,553.74,978.3,1076.0,2054.3,5.166666666666667
Jalisco,Guadalajara,México,Toluca,466.37,823.9,884.0,1707.9,4.433333333333334
Jalisco,Guadalajara,Michoacán,Morelia,287.29,507.5,552.0,1059.5,2.75
Jalisco,Guadalajara,Morelos,Cuernavaca,584.96,1033.4,1008.0,2041.4,6.116666666666666
Jalisco,Guadalajara,Nayarit,Tepic,206.62,365.0,274.0,639.0,2.1333333333333333
Jalisco,Guadalajara,Nuevo León,Monterrey,845.48,1493.7,821.0,2314.7,8.55
Jalisco,Guadalajara,Oaxaca,Oaxaca,996.5,1760.5,1697.0,3457.5,9.266666666666667
Jalisco,Guadalajara,Puebla,Puebla,658.22,1162.9,1370.0,2532.9,6.15
Jalisco,Guadalajara,Querétaro,Querétaro,360.26,636.5,492.0,1128.5,3.716666666666667
Jalisco,Guadalajara,Quintana Roo,Chetumal,1873.8,3310.4,2326.0,5636.4,19.25
Jalisco,Guadalajara,San Luis Potosí,San Luis Potosí,359.42,635.0,612.0,1247.0,3.533333333333333
Jalisco,Guadalajara,Sinaloa,Culiacán,688.51,1216.4,1242.0,2458.4,6.7
Jalisco,Guadalajara,Sonora,Hermosillo,1354.02,2392.1,1796.0,4188.1,13.066666666666666
Jalisco,Guadalajara,Tabasco,Villahermosa,1278.42,2258.5,2302.0,4560.5,11.916666666666666
Jalisco,Guadalajara,Tamaulipas,Cd. Victoria,671.07,1185.6,758.0,1943.6,7.016666666666667
Jalisco,Guadalajara,Tlaxcala,Tlaxcala,644.5,1138.6,1399.0,2537.6,5.933333333333334
Jalisco,Guadalajara,Veracruz,Xalapa,849.95,1501.6,1656.0,3157.6,8.216666666666667
Jalisco,Guadalajara,Yucatán,Mérida,1819.13,3213.8,2552.0,5765.8,18.7
Jalisco,Guadalajara,Zacatecas,Zacatecas,362.12,639.7,584.0,1223.7,3.75
México,Toluca,Aguascalientes,Aguascalientes,502.65,888.0,903.0,1791.0,4.766666666666667
México,Toluca,Baja California,Mexicali,2509.11,4432.8,2901.0,7333.8,24.716666666666665
México,Toluca,Baja California Sur,La Paz,4140.09,7314.2,3270.0,10584.2,45.13333333333333
México,Toluca,Campeche,Campeche,1199.89,2119.8,1454.0,3573.8,12.916666666666666
México,Toluca,Chihuahua,Chihuahua,1408.62,2488.6,1025.0,3513.6,14.8
México,Toluca,Chiapas,Tuxtla Gutiérrez,907.05,1602.5,1374.0,2976.5,9.033333333333333
México,Toluca,Distrito Federal,Cd. De México (Zócalo),70.9,125.3,88.0,213.3,1.1
México,Toluca,Coahuila,Saltillo,818.07,1445.3,311.0,1756.3,8.466666666666667
México,Toluca,Colima,Colima,655.67,1158.4,1197.0,2355.4,6.233333333333333
México,Toluca,Durango,Durango,876.37,1548.3,207.0,1755.3,9.866666666666667
México,Toluca,Guanajuato,Guanajuato,357.4,631.4,598.0,1229.4,3.6166666666666667
México,Toluca,Guerrero,Chilpancingo,298.78,527.8,264.0,791.8,3.25
México,Toluca,Hidalgo,Pachuca,183.9,324.9,218.0,542.9,1.95
México,Toluca,Jalisco,Guadalajara,466.37,823.9,884.0,1707.9,4.433333333333334
México,Toluca,Michoacán,Morelia,229.57,405.6,332.0,737.6,2.25
México,Toluca,Morelos,Cuernavaca,110.09,194.5,59.0,253.5,1.8
México,Toluca,Nayarit,Tepic,667.99,1180.1,1158.0,2338.1,6.483333333333333
México,Toluca,Nuevo León,Monterrey,868.07,1533.6,355.0,1888.6,9.1
México,Toluca,Oaxaca,Oaxaca,535.44,945.9,599.0,1544.9,5.6
México,Toluca,Puebla,Puebla,197.16,348.3,272.0,620.3,2.466666666666667
México,Toluca,Querétaro,Querétaro,187.5,331.2,93.0,424.2,2.1666666666666665
México,Toluca,Quintana Roo,Chetumal,1412.74,2495.8,1228.0,3723.8,15.583333333333334
México,Toluca,San Luis Potosí,San Luis Potosí,382.0,674.9,146.0,820.9,4.066666666666666
México,Toluca,Sinaloa,Culiacán,1149.87,2031.4,2126.0,4157.4,11.033333333333333
México,Toluca,Sonora,Hermosillo,1815.38,3207.2,2680.0,5887.2,17.4
México,Toluca,Tabasco,Villahermosa,817.35,1444.0,1204.0,2648.0,8.233333333333333
México,Toluca,Tamaulipas,Cd. Victoria,693.66,1225.5,292.0,1517.5,7.55
México,Toluca,Tlaxcala,Tlaxcala,191.44,338.2,301.0,639.2,2.3333333333333335
México,Toluca,Veracruz,Xalapa,388.89,687.0,558.0,1245.0,4.533333333333333
México,Toluca,Yucatán,Mérida,1358.06,2399.2,1454.0,3853.2,15.016666666666667
México,Toluca,Zacatecas,Zacatecas,628.0,1109.5,944.0,2053.5,6.233333333333333
Michoacán,Morelia,Aguascalientes,Aguascalientes,323.57,571.6,571.0,1142.6,3.0833333333333335
Michoacán,Morelia,Baja California,Mexicali,2330.03,4116.4,2569.0,6685.4,23.05
Michoacán,Morelia,Baja California Sur,La Paz,3961.01,6997.8,2938.0,9935.8,43.46666666666667
Michoacán,Morelia,Campeche,Campeche,1424.15,2516.0,2000.0,4516.0,14.416666666666666
Michoacán,Morelia,Chihuahua,Chihuahua,1282.71,2266.1,1491.0,3757.1,12.916666666666666
Michoacán,Morelia,Chiapas,Tuxtla Gutiérrez,1131.31,1998.6,1920.0,3918.6,10.533333333333333
Michoacán,Morelia,Distrito Federal,Cd. De México (Zócalo),304.54,538.0,581.0,1119.0,3.15
Michoacán,Morelia,Coahuila,Saltillo,762.2,1346.6,431.0,1777.6,7.883333333333333
Michoacán,Morelia,Colima,Colima,476.59,842.0,865.0,1707.0,4.566666666666666
Michoacán,Morelia,Durango,Durango,750.46,1325.8,673.0,1998.8,8.0
Michoacán,Morelia,Guanajuato,Guanajuato,178.32,315.0,266.0,581.0,1.95
Michoacán,Morelia,Guerrero,Chilpancingo,523.14,924.2,626.0,1550.2,5.85
Michoacán,Morelia,Hidalgo,Pachuca,316.93,559.9,524.0,1083.9,2.9833333333333334
Michoacán,Morelia,Jalisco,Guadalajara,287.29,507.5,552.0,1059.5,2.75
Michoacán,Morelia,México,Toluca,229.56,405.6,332.0,737.6,2.25
Michoacán,Morelia,Morelos,Cuernavaca,348.15,615.1,456.0,1071.1,3.95
Michoacán,Morelia,Nayarit,Tepic,488.91,863.7,826.0,1689.7,4.8
Michoacán,Morelia,Nuevo León,Monterrey,812.2,1434.9,475.0,1909.9,8.516666666666667
Michoacán,Morelia,Oaxaca,Oaxaca,759.69,1342.1,1145.0,2487.1,7.1
Michoacán,Morelia,Puebla,Puebla,421.41,744.5,818.0,1562.5,3.966666666666667
Michoacán,Morelia,Querétaro,Querétaro,188.49,333.0,390.0,723.0,1.8
Michoacán,Morelia,Quintana Roo,Chetumal,1616.37,2855.6,1798.0,4653.6,16.733333333333334
Michoacán,Morelia,San Luis Potosí,San Luis Potosí,326.13,576.2,266.0,842.2,3.4833333333333334
Michoacán,Morelia,Sinaloa,Culiacán,970.79,1715.1,1794.0,3509.1,9.35
Michoacán,Morelia,Sonora,Hermosillo,1636.3,2890.8,2348.0,5238.8,15.733333333333333
Michoacán,Morelia,Tabasco,Villahermosa,1041.61,1840.2,1750.0,3590.2,9.733333333333333
Michoacán,Morelia,Tamaulipas,Cd. Victoria,637.79,1126.8,412.0,1538.8,6.966666666666667
Michoacán,Morelia,Tlaxcala,Tlaxcala,407.7,720.3,847.0,1567.3,3.7666666666666666
Michoacán,Morelia,Veracruz,Xalapa,613.14,1083.2,1104.0,2187.2,6.033333333333333
Michoacán,Morelia,Yucatán,Mérida,1582.32,2795.4,2000.0,4795.4,16.516666666666666
Michoacán,Morelia,Zacatecas,Zacatecas,448.92,793.1,612.0,1405.1,4.566666666666666
Morelos,Cuernavaca,Aguascalientes,Aguascalientes,587.37,1037.7,783.0,1820.7,6.083333333333333
Morelos,Cuernavaca,Baja California,Mexicali,2627.7,4642.3,3025.0,7667.3,26.416666666666668
Morelos,Cuernavaca,Baja California Sur,La Paz,4258.68,7523.7,3394.0,10917.7,46.833333333333336
Morelos,Cuernavaca,Campeche,Campeche,1151.08,2033.6,1344.0,3377.6,12.316666666666666
Morelos,Cuernavaca,Chihuahua,Chihuahua,1515.16,2676.8,1238.0,3914.8,15.983333333333333
Morelos,Cuernavaca,Chiapas,Tuxtla Gutiérrez,858.24,1516.2,1264.0,2780.2,8.433333333333334
Morelos,Cuernavaca,Distrito Federal,Cd. De México (Zócalo),88.64,156.6,122.0,278.6,1.4166666666666667
Morelos,Cuernavaca,Coahuila,Saltillo,924.61,1633.5,524.0,2157.5,9.65
Morelos,Cuernavaca,Colima,Colima,774.26,1367.9,1321.0,2688.9,7.933333333333334
Morelos,Cuernavaca,Durango,Durango,982.91,1736.5,420.0,2156.5,11.05
Morelos,Cuernavaca,Guanajuato,Guanajuato,442.12,781.1,478.0,1259.1,4.933333333333334
Morelos,Cuernavaca,Guerrero,Chilpancingo,175.96,310.9,241.0,551.9,1.65
Morelos,Cuernavaca,Hidalgo,Pachuca,186.81,330.0,217.0,547.0,2.4833333333333334
Morelos,Cuernavaca,Jalisco,Guadalajara,584.96,1033.4,1008.0,2041.4,6.116666666666666
Morelos,Cuernavaca,México,Toluca,110.09,194.5,59.0,253.5,1.8
Morelos,Cuernavaca,Michoacán,Morelia,348.15,615.1,456.0,1071.1,3.95
Morelos,Cuernavaca,Nayarit,Tepic,786.57,1389.6,1282.0,2671.6,8.166666666666666
Morelos,Cuernavaca,Nuevo León,Monterrey,974.61,1721.8,568.0,2289.8,10.283333333333333
Morelos,Cuernavaca,Oaxaca,Oaxaca,486.62,859.7,489.0,1348.7,5.0
Morelos,Cuernavaca,Puebla,Puebla,142.61,251.9,162.0,413.9,1.6833333333333333
Morelos,Cuernavaca,Querétaro,Querétaro,294.04,519.5,306.0,825.5,3.35
Morelos,Cuernavaca,Quintana Roo,Chetumal,1343.3,2373.2,1142.0,3515.2,14.633333333333333
Morelos,Cuernavaca,San Luis Potosí,San Luis Potosí,488.54,863.1,359.0,1222.1,5.25
Morelos,Cuernavaca,Sinaloa,Culiacán,1268.46,2240.9,2250.0,4490.9,12.733333333333333
Morelos,Cuernavaca,Sonora,Hermosillo,1933.97,3416.7,2804.0,6220.7,19.1
Morelos,Cuernavaca,Tabasco,Villahermosa,768.54,1357.8,1094.0,2451.8,7.633333333333333
Morelos,Cuernavaca,Tamaulipas,Cd. Victoria,800.2,1413.7,505.0,1918.7,8.733333333333333
Morelos,Cuernavaca,Tlaxcala,Tlaxcala,179.6,317.3,162.0,479.3,2.1166666666666667
Morelos,Cuernavaca,Veracruz,Xalapa,323.12,570.8,641.0,1211.8,3.6
Morelos,Cuernavaca,Yucatán,Mérida,1309.25,2313.0,1344.0,3657.0,14.416666666666666
Morelos,Cuernavaca,Zacatecas,Zacatecas,712.72,1259.1,824.0,2083.1,7.55
Nayarit,Tepic,Aguascalientes,Aguascalientes,438.39,774.5,817.0,1591.5,4.316666666666666
Nayarit,Tepic,Baja California,Mexicali,1840.13,3250.9,1743.0,4993.9,18.366666666666667
Nayarit,Tepic,Baja California Sur,La Paz,3471.11,6132.3,2112.0,8244.3,38.78333333333333
Nayarit,Tepic,Campeche,Campeche,1862.57,3290.5,2826.0,6116.5,18.633333333333333
Nayarit,Tepic,Chihuahua,Chihuahua,1138.12,2010.7,2516.0,4526.7,10.55
Nayarit,Tepic,Chiapas,Tuxtla Gutiérrez,1569.73,2773.2,2746.0,5519.2,14.766666666666667
Nayarit,Tepic,Distrito Federal,Cd. De México (Zócalo),742.97,1312.6,1407.0,2719.6,7.383333333333334
Nayarit,Tepic,Coahuila,Saltillo,978.34,1728.4,2264.0,3992.4,9.3
Nayarit,Tepic,Colima,Colima,388.92,687.1,587.0,1274.1,3.8
Nayarit,Tepic,Durango,Durango,459.32,811.5,1353.0,2164.5,4.266666666666667
Nayarit,Tepic,Guanajuato,Guanajuato,485.97,858.5,846.0,1704.5,4.866666666666667
Nayarit,Tepic,Guerrero,Chilpancingo,988.4,1746.2,1525.0,3271.2,9.7
Nayarit,Tepic,Hidalgo,Pachuca,755.36,1334.5,1350.0,2684.5,7.216666666666667
Nayarit,Tepic,Jalisco,Guadalajara,206.62,365.0,274.0,639.0,2.1333333333333333
Nayarit,Tepic,México,Toluca,667.99,1180.1,1158.0,2338.1,6.483333333333333
Nayarit,Tepic,Michoacán,Morelia,488.91,863.7,826.0,1689.7,4.8
Nayarit,Tepic,Morelos,Cuernavaca,786.57,1389.6,1282.0,2671.6,8.166666666666666
Nayarit,Tepic,Nuevo León,Monterrey,1047.1,1849.9,1095.0,2944.9,10.6
Nayarit,Tepic,Oaxaca,Oaxaca,1198.12,2116.7,1971.0,4087.7,11.316666666666666
Nayarit,Tepic,Puebla,Puebla,859.84,1519.1,1644.0,3163.1,8.183333333333334
Nayarit,Tepic,Querétaro,Querétaro,561.88,992.7,766.0,1758.7,5.766666666666667
Nayarit,Tepic,Quintana Roo,Chetumal,2054.79,3630.1,2624.0,6254.1,20.95
Nayarit,Tepic,San Luis Potosí,San Luis Potosí,561.03,991.2,886.0,1877.2,5.583333333333333
Nayarit,Tepic,Sinaloa,Culiacán,480.89,849.6,968.0,1817.6,4.666666666666667
Nayarit,Tepic,Sonora,Hermosillo,1146.4,2025.3,1522.0,3547.3,11.05
Nayarit,Tepic,Tabasco,Villahermosa,1480.03,2614.7,2576.0,5190.7,13.966666666666667
Nayarit,Tepic,Tamaulipas,Cd. Victoria,872.69,1541.8,1032.0,2573.8,9.066666666666666
Nayarit,Tepic,Tlaxcala,Tlaxcala,846.12,1494.8,1673.0,3167.8,7.983333333333333
Nayarit,Tepic,Veracruz,Xalapa,1051.57,1857.8,1930.0,3787.8,10.266666666666667
Nayarit,Tepic,Yucatán,Mérida,2020.74,3570.0,2826.0,6396.0,20.733333333333334
Nayarit,Tepic,Zacatecas,Zacatecas,563.74,995.9,858.0,1853.9,5.8
Nuevo León,Monterrey,Aguascalientes,Aguascalientes,694.07,1226.2,362.0,1588.2,7.183333333333334
Nuevo León,Monterrey,Baja California,Mexicali,2050.58,3622.7,1313.0,4935.7,22.316666666666666
Nuevo León,Monterrey,Baja California Sur,La Paz,3681.56,6504.1,1682.0,8186.1,42.733333333333334
Nuevo León,Monterrey,Campeche,Campeche,2015.67,3561.0,2037.0,5598.0,20.4
Nuevo León,Monterrey,Chihuahua,Chihuahua,818.75,1446.5,952.0,2398.5,8.333333333333334
Nuevo León,Monterrey,Chiapas,Tuxtla Gutiérrez,1722.83,3043.7,1957.0,5000.7,16.516666666666666
Nuevo León,Monterrey,Distrito Federal,Cd. De México (Zócalo),896.07,1583.1,618.0,2201.1,9.116666666666667
Nuevo León,Monterrey,Coahuila,Saltillo,73.0,129.0,52.0,181.0,1.0666666666666667
Nuevo León,Monterrey,Colima,Colima,1037.78,1833.4,1186.0,3019.4,10.266666666666667
Nuevo León,Monterrey,Durango,Durango,601.57,1062.8,963.0,2025.8,6.233333333333333
Nuevo León,Monterrey,Guanajuato,Guanajuato,676.91,1195.9,285.0,1480.9,7.166666666666667
Nuevo León,Monterrey,Guerrero,Chilpancingo,1165.57,2059.2,861.0,2920.2,11.816666666666666
Nuevo León,Monterrey,Hidalgo,Pachuca,908.46,1604.9,561.0,2165.9,8.966666666666667
Nuevo León,Monterrey,Jalisco,Guadalajara,848.48,1499.0,873.0,2372.0,8.45
Nuevo León,Monterrey,México,Toluca,871.07,1538.9,407.0,1945.9,9.0
Nuevo León,Monterrey,Michoacán,Morelia,815.19,1440.2,484.0,1924.2,8.483333333333333
Nuevo León,Monterrey,Morelos,Cuernavaca,977.61,1727.1,620.0,2347.1,10.183333333333334
Nuevo León,Monterrey,Nayarit,Tepic,1050.1,1855.2,1147.0,3002.2,10.5
Nuevo León,Monterrey,Oaxaca,Oaxaca,1351.22,2387.2,1182.0,3569.2,13.083333333333334
Nuevo León,Monterrey,Puebla,Puebla,1012.94,1789.5,855.0,2644.5,9.95
Nuevo León,Monterrey,Querétaro,Querétaro,693.07,1224.4,261.0,1485.4,7.016666666666667
Nuevo León,Monterrey,Quintana Roo,Chetumal,2207.89,3900.6,1835.0,5735.6,22.716666666666665
Nuevo León,Monterrey,San Luis Potosí,San Luis Potosí,501.31,885.6,192.0,1077.6,5.15
Nuevo León,Monterrey,Sinaloa,Culiacán,1052.05,1858.6,1914.0,3772.6,10.55
Nuevo León,Monterrey,Sonora,Hermosillo,1717.56,3034.4,2468.0,5502.4,16.916666666666668
Nuevo León,Monterrey,Tabasco,Villahermosa,1633.13,2885.2,1787.0,4672.2,15.716666666666667
Nuevo León,Monterrey,Tamaulipas,Cd. Victoria,324.0,572.4,,572.4,3.65
Nuevo León,Monterrey,Tlaxcala,Tlaxcala,999.22,1765.3,884.0,2649.3,9.75
Nuevo León,Monterrey,Veracruz,Xalapa,1204.67,2128.3,1141.0,3269.3,12.016666666666667
Nuevo León,Monterrey,Yucatán,Mérida,2173.84,3840.5,2037.0,5877.5,22.5
Nuevo León,Monterrey,Zacatecas,Zacatecas,439.0,775.6,52.0,827.6,5.283333333333333
Oaxaca,Oaxaca,Aguascalientes,Aguascalientes,960.98,1697.7,1345.0,3042.7,8.983333333333333
Oaxaca,Oaxaca,Baja California,Mexicali,3039.24,5369.3,3714.0,9083.3,29.566666666666666
Oaxaca,Oaxaca,Baja California Sur,La Paz,4670.22,8250.7,4083.0,12333.7,49.983333333333334
Oaxaca,Oaxaca,Campeche,Campeche,1193.38,2108.3,1359.0,3467.3,12.383333333333333
Oaxaca,Oaxaca,Chihuahua,Chihuahua,1888.77,3336.8,1800.0,5136.8,18.883333333333333
Oaxaca,Oaxaca,Chiapas,Tuxtla Gutiérrez,567.21,1002.1,258.0,1260.1,7.95
Oaxaca,Oaxaca,Distrito Federal,Cd. De México (Zócalo),468.14,827.0,511.0,1338.0,4.8
Oaxaca,Oaxaca,Coahuila,Saltillo,1298.22,2293.5,1086.0,3379.5,12.55
Oaxaca,Oaxaca,Colima,Colima,1185.8,2094.9,2010.0,4104.9,11.083333333333334
Oaxaca,Oaxaca,Durango,Durango,1356.52,2396.5,982.0,3378.5,13.95
Oaxaca,Oaxaca,Guanajuato,Guanajuato,815.73,1441.1,1040.0,2481.1,7.833333333333333
Oaxaca,Oaxaca,Guerrero,Chilpancingo,659.58,1165.3,730.0,1895.3,6.5
Oaxaca,Oaxaca,Hidalgo,Pachuca,480.98,849.7,571.0,1420.7,4.633333333333333
Oaxaca,Oaxaca,Jalisco,Guadalajara,996.5,1760.5,1697.0,3457.5,9.266666666666667
Oaxaca,Oaxaca,México,Toluca,535.44,945.9,599.0,1544.9,5.6
Oaxaca,Oaxaca,Michoacán,Morelia,759.69,1342.1,1145.0,2487.1,7.1
Oaxaca,Oaxaca,Morelos,Cuernavaca,486.63,859.7,489.0,1348.7,5.0
Oaxaca,Oaxaca,Nayarit,Tepic,1198.12,2116.7,1971.0,4087.7,11.316666666666666
Oaxaca,Oaxaca,Nuevo León,Monterrey,1348.22,2381.9,1130.0,3511.9,13.166666666666666
Oaxaca,Oaxaca,Puebla,Puebla,344.02,607.8,327.0,934.8,3.3
Oaxaca,Oaxaca,Querétaro,Querétaro,667.65,1179.5,868.0,2047.5,6.25
Oaxaca,Oaxaca,Quintana Roo,Chetumal,1385.6,2447.9,1157.0,3604.9,14.7
Oaxaca,Oaxaca,San Luis Potosí,San Luis Potosí,862.15,1523.1,921.0,2444.1,8.15
Oaxaca,Oaxaca,Sinaloa,Culiacán,1680.0,2968.0,2939.0,5907.0,15.883333333333333
Oaxaca,Oaxaca,Sonora,Hermosillo,2345.51,4143.7,3493.0,7636.7,22.25
Oaxaca,Oaxaca,Tabasco,Villahermosa,810.84,1432.5,1109.0,2541.5,7.716666666666667
Oaxaca,Oaxaca,Tamaulipas,Cd. Victoria,1173.81,2073.7,1067.0,3140.7,11.633333333333333
Oaxaca,Oaxaca,Tlaxcala,Tlaxcala,375.28,663.0,327.0,990.0,3.5666666666666664
Oaxaca,Oaxaca,Veracruz,Xalapa,451.47,797.6,538.0,1335.6,4.616666666666667
Oaxaca,Oaxaca,Yucatán,Mérida,1351.55,2387.7,1359.0,3746.7,14.5
Oaxaca,Oaxaca,Zacatecas,Zacatecas,1086.33,1919.2,1386.0,3305.2,10.45
Puebla,Puebla,Aguascalientes,Aguascalientes,622.7,1100.1,1018.0,2118.1,5.85
Puebla,Puebla,Baja California,Mexicali,2700.96,4771.7,3387.0,8158.7,26.433333333333334
Puebla,Puebla,Baja California Sur,La Paz,4331.94,7653.1,3756.0,11409.1,46.85
Puebla,Puebla,Campeche,Campeche,1008.48,1781.6,1182.0,2963.6,10.633333333333333
Puebla,Puebla,Chihuahua,Chihuahua,1550.49,2739.2,1473.0,4212.2,15.75
Puebla,Puebla,Chiapas,Tuxtla Gutiérrez,715.64,1264.3,1102.0,2366.3,6.75
Puebla,Puebla,Distrito Federal,Cd. De México (Zócalo),129.86,229.4,184.0,413.4,1.6666666666666665
Puebla,Puebla,Coahuila,Saltillo,959.94,1695.9,759.0,2454.9,9.416666666666666
Puebla,Puebla,Colima,Colima,847.52,1497.3,1683.0,3180.3,7.95
Puebla,Puebla,Durango,Durango,1018.24,1798.9,655.0,2453.9,10.816666666666666
Puebla,Puebla,Guanajuato,Guanajuato,477.45,843.5,713.0,1556.5,4.7
Puebla,Puebla,Guerrero,Chilpancingo,315.56,557.5,403.0,960.5,3.183333333333333
Puebla,Puebla,Hidalgo,Pachuca,142.7,252.1,244.0,496.1,1.5
Puebla,Puebla,Jalisco,Guadalajara,658.22,1162.9,1370.0,2532.9,6.15
Puebla,Puebla,México,Toluca,197.16,348.3,272.0,620.3,2.466666666666667
Puebla,Puebla,Michoacán,Morelia,421.41,744.5,818.0,1562.5,3.966666666666667
Puebla,Puebla,Morelos,Cuernavaca,142.61,251.9,162.0,413.9,1.6833333333333333
Puebla,Puebla,Nayarit,Tepic,859.84,1519.1,1644.0,3163.1,8.183333333333334
Puebla,Puebla,Nuevo León,Monterrey,1009.94,1784.2,803.0,2587.2,10.05
Puebla,Puebla,Oaxaca,Oaxaca,344.02,607.8,327.0,934.8,3.3
Puebla,Puebla,Querétaro,Querétaro,329.37,581.9,541.0,1122.9,3.1333333333333333
Puebla,Puebla,Quintana Roo,Chetumal,1200.7,2121.2,980.0,3101.2,12.933333333333334
Puebla,Puebla,San Luis Potosí,San Luis Potosí,523.87,925.5,594.0,1519.5,5.016666666666667
Puebla,Puebla,Sinaloa,Culiacán,1341.72,2370.4,2612.0,4982.4,12.75
Puebla,Puebla,Sonora,Hermosillo,2007.23,3546.1,3166.0,6712.1,19.116666666666667
Puebla,Puebla,Tabasco,Villahermosa,625.94,1105.8,932.0,2037.8,5.95
Puebla,Puebla,Tamaulipas,Cd. Victoria,835.53,1476.1,740.0,2216.1,8.5
Puebla,Puebla,Tlaxcala,Tlaxcala,37.0,65.4,,65.4,0.43333333333333335
Puebla,Puebla,Veracruz,Xalapa,180.52,318.9,479.0,797.9,1.9166666666666665
Puebla,Puebla,Yucatán,Mérida,1166.65,2061.1,1182.0,3243.1,12.733333333333333
Puebla,Puebla,Zacatecas,Zacatecas,748.05,1321.6,1059.0,2380.6,7.316666666666666
Querétaro,Querétaro,Aguascalientes,Aguascalientes,293.33,518.2,477.0,995.2,2.7666666666666666
Querétaro,Querétaro,Baja California,Mexicali,2395.81,4232.6,2504.0,6736.6,24.0
Querétaro,Querétaro,Baja California Sur,La Paz,4026.79,7114.0,2873.0,9987.0,44.416666666666664
Querétaro,Querétaro,Campeche,Campeche,1332.11,2353.4,1723.0,4076.4,13.583333333333334
Querétaro,Querétaro,Chihuahua,Chihuahua,1230.62,2174.1,879.0,3053.1,12.816666666666666
Querétaro,Querétaro,Chiapas,Tuxtla Gutiérrez,1039.27,1836.0,1643.0,3479.0,9.7
Querétaro,Querétaro,Distrito Federal,Cd. De México (Zócalo),212.5,375.4,304.0,679.4,2.3
Querétaro,Querétaro,Coahuila,Saltillo,640.07,1130.8,165.0,1295.8,6.483333333333333
Querétaro,Querétaro,Colima,Colima,542.37,958.2,800.0,1758.2,5.516666666666667
Querétaro,Querétaro,Durango,Durango,698.37,1233.8,61.0,1294.8,7.883333333333333
Querétaro,Querétaro,Guanajuato,Guanajuato,148.08,261.6,172.0,433.6,1.6333333333333333
Querétaro,Querétaro,Guerrero,Chilpancingo,482.0,851.5,547.0,1398.5,5.0
Querétaro,Querétaro,Hidalgo,Pachuca,224.89,397.3,247.0,644.3,2.15
Querétaro,Querétaro,Jalisco,Guadalajara,353.07,623.8,487.0,1110.8,3.716666666666667
Querétaro,Querétaro,México,Toluca,187.5,331.2,93.0,424.2,2.1666666666666665
Querétaro,Querétaro,Michoacán,Morelia,188.49,333.0,390.0,723.0,1.8
Querétaro,Querétaro,Morelos,Cuernavaca,294.04,519.5,306.0,825.5,3.35
Querétaro,Querétaro,Nayarit,Tepic,554.69,980.0,761.0,1741.0,5.75
Querétaro,Querétaro,Nuevo León,Monterrey,690.07,1219.1,209.0,1428.1,7.116666666666666
Querétaro,Querétaro,Oaxaca,Oaxaca,667.65,1179.5,868.0,2047.5,6.25
Querétaro,Querétaro,Puebla,Puebla,329.37,581.9,541.0,1122.9,3.1333333333333333
Querétaro,Querétaro,Quintana Roo,Chetumal,1524.33,2693.0,1521.0,4214.0,15.883333333333333
Querétaro,Querétaro,San Luis Potosí,San Luis Potosí,204.0,360.4,,360.4,2.1
Querétaro,Querétaro,Sinaloa,Culiacán,1036.57,1831.3,1729.0,3560.3,10.316666666666666
Querétaro,Querétaro,Sonora,Hermosillo,1702.08,3007.0,2283.0,5290.0,16.683333333333334
Querétaro,Querétaro,Tabasco,Villahermosa,949.57,1677.6,1473.0,3150.6,8.9
Querétaro,Querétaro,Tamaulipas,Cd. Victoria,515.66,911.0,146.0,1057.0,5.583333333333333
Querétaro,Querétaro,Tlaxcala,Tlaxcala,315.66,557.7,570.0,1127.7,2.9333333333333336
Querétaro,Querétaro,Veracruz,Xalapa,499.89,883.1,1020.0,1903.1,4.8
Querétaro,Querétaro,Yucatán,Mérida,1490.28,2632.8,1723.0,4355.8,15.683333333333334
Querétaro,Querétaro,Zacatecas,Zacatecas,418.68,739.7,518.0,1257.7,4.25
Quintana Roo,Chetumal,Aguascalientes,Aguascalientes,1817.66,3211.2,1998.0,5209.2,18.616666666666667
Quintana Roo,Chetumal,Baja California,Mexicali,3895.92,6882.8,4367.0,11249.8,39.2
Quintana Roo,Chetumal,Baja California Sur,La Paz,5526.89,9764.2,4736.0,14500.2,59.61666666666667
Quintana Roo,Chetumal,Campeche,Campeche,369.36,652.5,,652.5,5.0
Quintana Roo,Chetumal,Chihuahua,Chihuahua,2745.45,4850.3,2453.0,7303.3,28.516666666666666
Quintana Roo,Chetumal,Chiapas,Tuxtla Gutiérrez,826.56,1460.3,172.0,1632.3,9.8
Quintana Roo,Chetumal,Distrito Federal,Cd. De México (Zócalo),1324.81,2340.5,1164.0,3504.5,14.433333333333334
Quintana Roo,Chetumal,Coahuila,Saltillo,2154.89,3807.0,1739.0,5546.0,22.183333333333334
Quintana Roo,Chetumal,Colima,Colima,2042.48,3608.4,2663.0,6271.4,20.716666666666665
Quintana Roo,Chetumal,Durango,Durango,2213.2,3910.0,1635.0,5545.0,23.583333333333332
Quintana Roo,Chetumal,Guanajuato,Guanajuato,1672.4,2954.6,1693.0,4647.6,17.466666666666665
Quintana Roo,Chetumal,Guerrero,Chilpancingo,1516.26,2678.7,1383.0,4061.7,16.133333333333333
Quintana Roo,Chetumal,Hidalgo,Pachuca,1337.66,2363.2,1224.0,3587.2,14.266666666666667
Quintana Roo,Chetumal,Jalisco,Guadalajara,1873.8,3310.4,2326.0,5636.4,19.25
Quintana Roo,Chetumal,México,Toluca,1392.12,2459.4,1252.0,3711.4,15.233333333333333
Quintana Roo,Chetumal,Michoacán,Morelia,1616.37,2855.6,1798.0,4653.6,16.733333333333334
Quintana Roo,Chetumal,Morelos,Cuernavaca,1343.3,2373.2,1142.0,3515.2,14.633333333333333
Quintana Roo,Chetumal,Nayarit,Tepic,2054.79,3630.1,2624.0,6254.1,20.95
Quintana Roo,Chetumal,Nuevo León,Monterrey,2204.89,3895.3,1783.0,5678.3,22.8
Quintana Roo,Chetumal,Oaxaca,Oaxaca,1385.6,2447.9,1157.0,3604.9,14.7
Quintana Roo,Chetumal,Puebla,Puebla,1200.7,2121.2,980.0,3101.2,12.933333333333334
Quintana Roo,Chetumal,Querétaro,Querétaro,1524.33,2693.0,1521.0,4214.0,15.883333333333333
Quintana Roo,Chetumal,San Luis Potosí,San Luis Potosí,1718.83,3036.6,1574.0,4610.6,17.783333333333335
Quintana Roo,Chetumal,Sinaloa,Culiacán,2536.68,4481.5,3592.0,8073.5,25.516666666666666
Quintana Roo,Chetumal,Sonora,Hermosillo,3202.19,5657.2,4146.0,9803.2,31.883333333333333
Quintana Roo,Chetumal,Tabasco,Villahermosa,574.76,1015.4,48.0,1063.4,6.983333333333333
Quintana Roo,Chetumal,Tamaulipas,Cd. Victoria,1779.03,3143.0,967.0,4110.0,20.016666666666666
Quintana Roo,Chetumal,Tlaxcala,Tlaxcala,1231.96,2176.5,980.0,3156.5,13.2
Quintana Roo,Chetumal,Veracruz,Xalapa,1137.63,2009.8,797.0,2806.8,12.5
Quintana Roo,Chetumal,Yucatán,Mérida,382.83,676.3,,676.3,5.366666666666666
Quintana Roo,Chetumal,Zacatecas,Zacatecas,1943.01,3432.7,2039.0,5471.7,20.083333333333332
San Luis Potosí,San Luis Potosí,Aguascalientes,Aguascalientes,205.0,362.2,101.0,463.2,2.2666666666666666
San Luis Potosí,San Luis Potosí,Baja California,Mexicali,2258.45,3989.9,1240.0,5229.9,24.7
San Luis Potosí,San Luis Potosí,Baja California Sur,La Paz,3944.89,6969.3,2156.0,9125.3,44.3
San Luis Potosí,San Luis Potosí,Campeche,Campeche,1526.61,2697.0,1776.0,4473.0,15.466666666666667
San Luis Potosí,San Luis Potosí,Chihuahua,Chihuahua,1026.62,1813.7,879.0,2692.7,10.716666666666667
San Luis Potosí,San Luis Potosí,Chiapas,Tuxtla Gutiérrez,1233.77,2179.7,1696.0,3875.7,11.583333333333334
San Luis Potosí,San Luis Potosí,Distrito Federal,Cd. De México (Zócalo),407.01,719.1,357.0,1076.1,4.183333333333334
San Luis Potosí,San Luis Potosí,Coahuila,Saltillo,448.31,792.0,96.0,888.0,4.616666666666667
San Luis Potosí,San Luis Potosí,Colima,Colima,548.72,969.4,925.0,1894.4,5.333333333333333
San Luis Potosí,San Luis Potosí,Durango,Durango,494.37,873.4,61.0,934.4,5.783333333333333
San Luis Potosí,San Luis Potosí,Guanajuato,Guanajuato,187.85,331.9,24.0,355.9,2.2333333333333334
San Luis Potosí,San Luis Potosí,Guerrero,Chilpancingo,676.5,1195.1,600.0,1795.1,6.9
San Luis Potosí,San Luis Potosí,Hidalgo,Pachuca,419.39,740.9,300.0,1040.9,4.033333333333333
San Luis Potosí,San Luis Potosí,Jalisco,Guadalajara,359.42,635.0,612.0,1247.0,3.533333333333333
San Luis Potosí,San Luis Potosí,México,Toluca,382.0,674.9,146.0,820.9,4.066666666666666
San Luis Potosí,San Luis Potosí,Michoacán,Morelia,326.13,576.2,223.0,799.2,3.55
San Luis Potosí,San Luis Potosí,Morelos,Cuernavaca,488.54,863.1,359.0,1222.1,5.25
San Luis Potosí,San Luis Potosí,Nayarit,Tepic,561.03,991.2,886.0,1877.2,5.583333333333333
San Luis Potosí,San Luis Potosí,Nuevo León,Monterrey,498.31,880.3,140.0,1020.3,5.25
San Luis Potosí,San Luis Potosí,Oaxaca,Oaxaca,862.15,1523.1,921.0,2444.1,8.15
San Luis Potosí,San Luis Potosí,Puebla,Puebla,523.87,925.5,594.0,1519.5,5.016666666666667
San Luis Potosí,San Luis Potosí,Querétaro,Querétaro,204.0,360.4,,360.4,2.0833333333333335
San Luis Potosí,San Luis Potosí,Quintana Roo,Chetumal,1718.83,3036.6,1574.0,4610.6,17.783333333333335
San Luis Potosí,San Luis Potosí,Sinaloa,Culiacán,1042.92,1842.5,1854.0,3696.5,10.133333333333333
San Luis Potosí,San Luis Potosí,Sonora,Hermosillo,1708.43,3018.2,2408.0,5426.2,16.5
San Luis Potosí,San Luis Potosí,Tabasco,Villahermosa,1144.07,2021.2,1526.0,3547.2,10.8
San Luis Potosí,San Luis Potosí,Tamaulipas,Cd. Victoria,323.9,572.2,77.0,649.2,3.7
San Luis Potosí,San Luis Potosí,Tlaxcala,Tlaxcala,510.16,901.3,623.0,1524.3,4.816666666666666
San Luis Potosí,San Luis Potosí,Veracruz,Xalapa,715.6,1264.2,880.0,2144.2,7.1
San Luis Potosí,San Luis Potosí,Yucatán,Mérida,1684.78,2976.4,1776.0,4752.4,17.566666666666666
San Luis Potosí,San Luis Potosí,Zacatecas,Zacatecas,192.83,340.7,,340.7,2.35
Sinaloa,Culiacán,Aguascalientes,Aguascalientes,920.28,1625.8,1785.0,3410.8,8.883333333333333
Sinaloa,Culiacán,Baja California,Mexicali,1388.92,2453.8,741.0,3194.8,14.116666666666667
Sinaloa,Culiacán,Baja California Sur,La Paz,3019.9,5335.2,1110.0,6445.2,34.53333333333333
Sinaloa,Culiacán,Campeche,Campeche,2344.46,4141.9,3794.0,7935.9,23.2
Sinaloa,Culiacán,Chihuahua,Chihuahua,1138.83,2011.9,2114.0,4125.9,10.75
Sinaloa,Culiacán,Chiapas,Tuxtla Gutiérrez,2051.62,3624.5,3714.0,7338.5,19.316666666666666
Sinaloa,Culiacán,Distrito Federal,Cd. De México (Zócalo),1224.85,2163.9,2375.0,4538.9,11.933333333333334
Sinaloa,Culiacán,Coahuila,Saltillo,979.05,1729.7,1862.0,3591.7,9.483333333333333
Sinaloa,Culiacán,Colima,Colima,870.81,1538.4,1555.0,3093.4,8.366666666666667
Sinaloa,Culiacán,Durango,Durango,460.03,812.7,951.0,1763.7,4.45
Sinaloa,Culiacán,Guanajuato,Guanajuato,967.86,1709.9,1814.0,3523.9,9.416666666666666
Sinaloa,Culiacán,Guerrero,Chilpancingo,1470.29,2597.5,2493.0,5090.5,14.25
Sinaloa,Culiacán,Hidalgo,Pachuca,1237.24,2185.8,2318.0,4503.8,11.766666666666667
Sinaloa,Culiacán,Jalisco,Guadalajara,688.51,1216.4,1242.0,2458.4,6.7
Sinaloa,Culiacán,México,Toluca,1149.87,2031.4,2126.0,4157.4,11.033333333333333
Sinaloa,Culiacán,Michoacán,Morelia,970.79,1715.1,1794.0,3509.1,9.35
Sinaloa,Culiacán,Morelos,Cuernavaca,1268.46,2240.9,2250.0,4490.9,12.733333333333333
Sinaloa,Culiacán,Nayarit,Tepic,480.89,849.6,968.0,1817.6,4.666666666666667
Sinaloa,Culiacán,Nuevo León,Monterrey,1049.05,1853.3,1862.0,3715.3,10.65
Sinaloa,Culiacán,Oaxaca,Oaxaca,1680.0,2968.0,2939.0,5907.0,15.883333333333333
Sinaloa,Culiacán,Puebla,Puebla,1341.72,2370.4,2612.0,4982.4,12.75
Sinaloa,Culiacán,Querétaro,Querétaro,1043.76,1844.0,1734.0,3578.0,10.333333333333334
Sinaloa,Culiacán,Quintana Roo,Chetumal,2536.68,4481.5,3592.0,8073.5,25.516666666666666
Sinaloa,Culiacán,San Luis Potosí,San Luis Potosí,1042.92,1842.5,1854.0,3696.5,10.133333333333333
Sinaloa,Culiacán,Sonora,Hermosillo,695.19,1228.2,520.0,1748.2,6.8
Sinaloa,Culiacán,Tabasco,Villahermosa,1961.92,3466.1,3544.0,7010.1,18.516666666666666
Sinaloa,Culiacán,Tamaulipas,Cd. Victoria,1354.57,2393.1,2000.0,4393.1,13.616666666666667
Sinaloa,Culiacán,Tlaxcala,Tlaxcala,1328.0,2346.1,2641.0,4987.1,12.55
Sinaloa,Culiacán,Veracruz,Xalapa,1533.45,2709.1,2898.0,5607.1,14.816666666666666
Sinaloa,Culiacán,Yucatán,Mérida,2502.63,4421.3,3794.0,8215.3,25.3
Sinaloa,Culiacán,Zacatecas,Zacatecas,761.84,1345.9,1012.0,2357.9,7.816666666666666
Sonora,Hermosillo,Aguascalientes,Aguascalientes,1585.79,2801.6,2339.0,5140.6,15.25
Sonora,Hermosillo,Baja California,Mexicali,693.73,1225.6,221.0,1446.6,7.3
Sonora,Hermosillo,Baja California Sur,La Paz,2324.71,4107.0,590.0,4697.0,27.733333333333334
Sonora,Hermosillo,Campeche,Campeche,3009.97,5317.6,4348.0,9665.6,29.566666666666666
Sonora,Hermosillo,Chihuahua,Chihuahua,880.93,1556.3,326.0,1882.3,9.833333333333334
Sonora,Hermosillo,Chiapas,Tuxtla Gutiérrez,2717.13,4800.3,4268.0,9068.3,25.683333333333334
Sonora,Hermosillo,Distrito Federal,Cd. De México (Zócalo),1890.36,3339.6,2929.0,6268.6,18.316666666666666
Sonora,Hermosillo,Coahuila,Saltillo,1644.56,2905.4,2416.0,5321.4,15.85
Sonora,Hermosillo,Colima,Colima,1536.32,2714.2,2109.0,4823.2,14.733333333333333
Sonora,Hermosillo,Durango,Durango,1125.54,1988.5,1505.0,3493.5,10.816666666666666
Sonora,Hermosillo,Guanajuato,Guanajuato,1633.37,2885.6,2368.0,5253.6,15.8
Sonora,Hermosillo,Guerrero,Chilpancingo,2135.8,3773.2,3047.0,6820.2,20.616666666666667
Sonora,Hermosillo,Hidalgo,Pachuca,1902.75,3361.5,2872.0,6233.5,18.15
Sonora,Hermosillo,Jalisco,Guadalajara,1354.02,2392.1,1796.0,4188.1,13.066666666666666
Sonora,Hermosillo,México,Toluca,1815.38,3207.2,2680.0,5887.2,17.4
Sonora,Hermosillo,Michoacán,Morelia,1636.3,2890.8,2348.0,5238.8,15.733333333333333
Sonora,Hermosillo,Morelos,Cuernavaca,1933.97,3416.7,2804.0,6220.7,19.1
Sonora,Hermosillo,Nayarit,Tepic,1146.4,2025.3,1522.0,3547.3,11.05
Sonora,Hermosillo,Nuevo León,Monterrey,1714.56,3029.1,2416.0,5445.1,17.016666666666666
Sonora,Hermosillo,Oaxaca,Oaxaca,2345.51,4143.7,3493.0,7636.7,22.25
Sonora,Hermosillo,Puebla,Puebla,2007.23,3546.1,3166.0,6712.1,19.116666666666667
Sonora,Hermosillo,Querétaro,Querétaro,1709.27,3019.7,2288.0,5307.7,16.7
Sonora,Hermosillo,Quintana Roo,Chetumal,3202.19,5657.2,4146.0,9803.2,31.883333333333333
Sonora,Hermosillo,San Luis Potosí,San Luis Potosí,1708.43,3018.2,2408.0,5426.2,16.5
Sonora,Hermosillo,Sinaloa,Culiacán,695.19,1228.2,520.0,1748.2,6.8
Sonora,Hermosillo,Tabasco,Villahermosa,2627.43,4641.8,4098.0,8739.8,24.9
Sonora,Hermosillo,Tamaulipas,Cd. Victoria,2032.56,3590.9,2416.0,6006.9,20.516666666666666
Sonora,Hermosillo,Tlaxcala,Tlaxcala,1993.52,3521.9,3195.0,6716.9,18.916666666666668
Sonora,Hermosillo,Veracruz,Xalapa,2198.96,3884.8,3452.0,7336.8,21.183333333333334
Sonora,Hermosillo,Yucatán,Mérida,3168.14,5597.0,4348.0,9945.0,31.666666666666668
Sonora,Hermosillo,Zacatecas,Zacatecas,1427.35,2521.7,1566.0,4087.7,14.2
Tabasco,Villahermosa,Aguascalientes,Aguascalientes,1242.9,2195.8,1950.0,4145.8,11.616666666666667
Tabasco,Villahermosa,Baja California,Mexicali,3321.16,5867.4,4319.0,10186.4,32.21666666666667
Tabasco,Villahermosa,Baja California Sur,La Paz,4952.14,8748.8,4688.0,13436.8,52.63333333333333
Tabasco,Villahermosa,Campeche,Campeche,382.54,675.8,250.0,925.8,4.666666666666667
Tabasco,Villahermosa,Chihuahua,Chihuahua,2170.69,3834.9,2405.0,6239.9,21.516666666666666
Tabasco,Villahermosa,Chiapas,Tuxtla Gutiérrez,251.8,444.8,124.0,568.8,2.8166666666666664
Tabasco,Villahermosa,Distrito Federal,Cd. De México (Zócalo),750.05,1325.1,1116.0,2441.1,7.433333333333334
Tabasco,Villahermosa,Coahuila,Saltillo,1580.13,2791.6,1691.0,4482.6,15.2
Tabasco,Villahermosa,Colima,Colima,1467.72,2593.0,2615.0,5208.0,13.733333333333333
Tabasco,Villahermosa,Durango,Durango,1638.44,2894.6,1587.0,4481.6,16.6
Tabasco,Villahermosa,Guanajuato,Guanajuato,1097.64,1939.2,1645.0,3584.2,10.483333333333333
Tabasco,Villahermosa,Guerrero,Chilpancingo,941.5,1663.3,1335.0,2998.3,9.15
Tabasco,Villahermosa,Hidalgo,Pachuca,762.9,1347.8,1176.0,2523.8,7.283333333333333
Tabasco,Villahermosa,Jalisco,Guadalajara,1278.42,2258.5,2302.0,4560.5,11.916666666666666
Tabasco,Villahermosa,México,Toluca,817.35,1444.0,1204.0,2648.0,8.233333333333333
Tabasco,Villahermosa,Michoacán,Morelia,1041.61,1840.2,1750.0,3590.2,9.733333333333333
Tabasco,Villahermosa,Morelos,Cuernavaca,768.54,1357.8,1094.0,2451.8,7.633333333333333
Tabasco,Villahermosa,Nayarit,Tepic,1480.03,2614.7,2576.0,5190.7,13.966666666666667
Tabasco,Villahermosa,Nuevo León,Monterrey,1630.13,2879.9,1735.0,4614.9,15.816666666666666
Tabasco,Villahermosa,Oaxaca,Oaxaca,810.84,1432.5,1109.0,2541.5,7.716666666666667
Tabasco,Villahermosa,Puebla,Puebla,625.94,1105.8,932.0,2037.8,5.95
Tabasco,Villahermosa,Querétaro,Querétaro,949.57,1677.6,1473.0,3150.6,8.9
Tabasco,Villahermosa,Quintana Roo,Chetumal,574.77,1015.4,48.0,1063.4,6.983333333333333
Tabasco,Villahermosa,San Luis Potosí,San Luis Potosí,1144.07,2021.2,1526.0,3547.2,10.8
Tabasco,Villahermosa,Sinaloa,Culiacán,1961.92,3466.1,3544.0,7010.1,18.516666666666666
Tabasco,Villahermosa,Sonora,Hermosillo,2627.43,4641.8,4098.0,8739.8,24.9
Tabasco,Villahermosa,Tamaulipas,Cd. Victoria,1204.27,2127.5,919.0,3046.5,13.033333333333333
Tabasco,Villahermosa,Tlaxcala,Tlaxcala,657.2,1161.1,932.0,2093.1,6.216666666666667
Tabasco,Villahermosa,Veracruz,Xalapa,562.87,994.4,749.0,1743.4,5.516666666666667
Tabasco,Villahermosa,Yucatán,Mérida,540.72,955.3,250.0,1205.3,6.766666666666667
Tabasco,Villahermosa,Zacatecas,Zacatecas,1368.25,2417.2,1991.0,4408.2,13.1
Tamaulipas,Cd. Victoria,Aguascalientes,Aguascalientes,516.66,912.8,247.0,1159.8,5.75
Tamaulipas,Cd. Victoria,Baja California,Mexicali,2365.58,4179.2,1261.0,5440.2,25.916666666666668
Tamaulipas,Cd. Victoria,Baja California Sur,La Paz,3996.56,7060.6,1630.0,8690.6,46.333333333333336
Tamaulipas,Cd. Victoria,Campeche,Campeche,1586.81,2803.4,1169.0,3972.4,17.566666666666666
Tamaulipas,Cd. Victoria,Chihuahua,Chihuahua,1133.75,2003.0,900.0,2903.0,11.933333333333334
Tamaulipas,Cd. Victoria,Chiapas,Tuxtla Gutiérrez,1293.97,2286.0,1089.0,3375.0,13.683333333333334
Tamaulipas,Cd. Victoria,Distrito Federal,Cd. De México (Zócalo),718.66,1269.6,503.0,1772.6,7.666666666666667
Tamaulipas,Cd. Victoria,Coahuila,Saltillo,388.0,685.5,,685.5,4.666666666666667
Tamaulipas,Cd. Victoria,Colima,Colima,860.37,1520.0,1071.0,2591.0,8.816666666666666
Tamaulipas,Cd. Victoria,Durango,Durango,818.27,1445.6,138.0,1583.6,9.5
Tamaulipas,Cd. Victoria,Guanajuato,Guanajuato,499.5,882.4,170.0,1052.4,5.716666666666667
Tamaulipas,Cd. Victoria,Guerrero,Chilpancingo,988.16,1745.7,746.0,2491.7,10.383333333333333
Tamaulipas,Cd. Victoria,Hidalgo,Pachuca,731.05,1291.5,446.0,1737.5,7.516666666666667
Tamaulipas,Cd. Victoria,Jalisco,Guadalajara,671.07,1185.6,758.0,1943.6,7.016666666666667
Tamaulipas,Cd. Victoria,México,Toluca,693.66,1225.5,292.0,1517.5,7.55
Tamaulipas,Cd. Victoria,Michoacán,Morelia,637.78,1126.7,369.0,1495.7,7.033333333333333
Tamaulipas,Cd. Victoria,Morelos,Cuernavaca,800.2,1413.7,505.0,1918.7,8.733333333333333
Tamaulipas,Cd. Victoria,Nayarit,Tepic,872.69,1541.8,1032.0,2573.8,9.066666666666666
Tamaulipas,Cd. Victoria,Nuevo León,Monterrey,324.0,572.4,,572.4,3.65
Tamaulipas,Cd. Victoria,Oaxaca,Oaxaca,1173.81,2073.7,1067.0,3140.7,11.633333333333333
Tamaulipas,Cd. Victoria,Puebla,Puebla,748.91,1323.1,383.0,1706.1,8.466666666666667
Tamaulipas,Cd. Victoria,Querétaro,Querétaro,515.66,911.0,146.0,1057.0,5.583333333333333
Tamaulipas,Cd. Victoria,Quintana Roo,Chetumal,1779.03,3143.0,967.0,4110.0,19.866666666666667
Tamaulipas,Cd. Victoria,San Luis Potosí,San Luis Potosí,323.9,572.2,77.0,649.2,3.7
Tamaulipas,Cd. Victoria,Sinaloa,Culiacán,1354.57,2393.1,2000.0,4393.1,13.616666666666667
Tamaulipas,Cd. Victoria,Sonora,Hermosillo,2032.56,3590.9,2416.0,6006.9,20.516666666666666
Tamaulipas,Cd. Victoria,Tabasco,Villahermosa,1204.27,2127.5,919.0,3046.5,12.883333333333333
Tamaulipas,Cd. Victoria,Tlaxcala,Tlaxcala,719.91,1271.8,383.0,1654.8,8.1
Tamaulipas,Cd. Victoria,Veracruz,Xalapa,709.39,1253.3,158.0,1411.3,8.883333333333333
Tamaulipas,Cd. Victoria,Yucatán,Mérida,1744.98,3082.8,1169.0,4251.8,19.666666666666668
Tamaulipas,Cd. Victoria,Zacatecas,Zacatecas,516.73,912.9,77.0,989.9,6.066666666666666
Tlaxcala,Tlaxcala,Aguascalientes,Aguascalientes,608.99,1075.9,1047.0,2122.9,5.65
Tlaxcala,Tlaxcala,Baja California,Mexicali,2687.24,4747.5,3416.0,8163.5,26.233333333333334
Tlaxcala,Tlaxcala,Baja California Sur,La Paz,4318.22,7628.9,3785.0,11413.9,46.65
Tlaxcala,Tlaxcala,Campeche,Campeche,1039.74,1836.9,1182.0,3018.9,10.883333333333333
Tlaxcala,Tlaxcala,Chihuahua,Chihuahua,1536.78,2715.0,1502.0,4217.0,15.55
Tlaxcala,Tlaxcala,Chiapas,Tuxtla Gutiérrez,746.9,1319.5,1102.0,2421.5,7.0
Tlaxcala,Tlaxcala,Distrito Federal,Cd. De México (Zócalo),124.14,219.3,213.0,432.3,1.5333333333333332
Tlaxcala,Tlaxcala,Coahuila,Saltillo,946.22,1671.7,788.0,2459.7,9.216666666666667
Tlaxcala,Tlaxcala,Colima,Colima,833.8,1473.0,1712.0,3185.0,7.75
Tlaxcala,Tlaxcala,Durango,Durango,1004.52,1774.7,684.0,2458.7,10.616666666666667
Tlaxcala,Tlaxcala,Guanajuato,Guanajuato,463.73,819.3,742.0,1561.3,4.5
Tlaxcala,Tlaxcala,Guerrero,Chilpancingo,352.56,622.9,403.0,1025.9,3.6333333333333333
Tlaxcala,Tlaxcala,Hidalgo,Pachuca,128.99,227.9,273.0,500.9,1.3
Tlaxcala,Tlaxcala,Jalisco,Guadalajara,644.5,1138.6,1399.0,2537.6,5.933333333333334
Tlaxcala,Tlaxcala,México,Toluca,191.44,338.2,301.0,639.2,2.3333333333333335
Tlaxcala,Tlaxcala,Michoacán,Morelia,407.7,720.3,847.0,1567.3,3.7666666666666666
Tlaxcala,Tlaxcala,Morelos,Cuernavaca,179.6,317.3,162.0,479.3,2.1166666666666667
Tlaxcala,Tlaxcala,Nayarit,Tepic,846.12,1494.8,1673.0,3167.8,7.983333333333333
Tlaxcala,Tlaxcala,Nuevo León,Monterrey,996.22,1760.0,832.0,2592.0,9.85
Tlaxcala,Tlaxcala,Oaxaca,Oaxaca,375.28,663.0,327.0,990.0,3.5666666666666664
Tlaxcala,Tlaxcala,Puebla,Puebla,37.0,65.4,,65.4,0.43333333333333335
Tlaxcala,Tlaxcala,Querétaro,Querétaro,315.66,557.7,570.0,1127.7,2.9333333333333336
Tlaxcala,Tlaxcala,Quintana Roo,Chetumal,1231.96,2176.5,980.0,3156.5,13.2
Tlaxcala,Tlaxcala,San Luis Potosí,San Luis Potosí,510.16,901.3,623.0,1524.3,4.816666666666666
Tlaxcala,Tlaxcala,Sinaloa,Culiacán,1328.0,2346.1,2641.0,4987.1,12.55
Tlaxcala,Tlaxcala,Sonora,Hermosillo,1993.52,3521.9,3195.0,6716.9,18.916666666666668
Tlaxcala,Tlaxcala,Tabasco,Villahermosa,657.2,1161.1,932.0,2093.1,6.216666666666667
Tlaxcala,Tlaxcala,Tamaulipas,Cd. Victoria,719.91,1271.8,383.0,1654.8,8.233333333333333
Tlaxcala,Tlaxcala,Veracruz,Xalapa,207.52,366.6,479.0,845.6,2.1166666666666667
Tlaxcala,Tlaxcala,Yucatán,Mérida,1197.91,2116.3,1182.0,3298.3,12.983333333333333
Tlaxcala,Tlaxcala,Zacatecas,Zacatecas,734.34,1297.3,1088.0,2385.3,7.116666666666666
Veracruz,Xalapa,Aguascalientes,Aguascalientes,793.22,1401.4,1497.0,2898.4,7.516666666666667
Veracruz,Xalapa,Baja California,Mexicali,2892.69,5110.4,3673.0,8783.4,28.5
Veracruz,Xalapa,Baja California Sur,La Paz,4523.67,7991.8,4042.0,12033.8,48.93333333333333
Veracruz,Xalapa,Campeche,Campeche,945.41,1670.2,999.0,2669.2,10.183333333333334
Veracruz,Xalapa,Chihuahua,Chihuahua,1721.01,3040.5,1952.0,4992.5,17.433333333333334
Veracruz,Xalapa,Chiapas,Tuxtla Gutiérrez,652.57,1152.9,919.0,2071.9,6.3
Veracruz,Xalapa,Distrito Federal,Cd. De México (Zócalo),300.38,530.7,663.0,1193.7,3.3333333333333335
Veracruz,Xalapa,Coahuila,Saltillo,1130.46,1997.1,1238.0,3235.1,11.1
Veracruz,Xalapa,Colima,Colima,1018.04,1798.5,2162.0,3960.5,9.633333333333333
Veracruz,Xalapa,Durango,Durango,1188.76,2100.1,1134.0,3234.1,12.5
Veracruz,Xalapa,Guanajuato,Guanajuato,647.97,1144.7,1192.0,2336.7,6.383333333333334
Veracruz,Xalapa,Guerrero,Chilpancingo,513.03,906.4,689.0,1595.4,5.45
Veracruz,Xalapa,Hidalgo,Pachuca,313.22,553.4,723.0,1276.4,3.183333333333333
Veracruz,Xalapa,Jalisco,Guadalajara,849.95,1501.6,1656.0,3157.6,8.216666666666667
Veracruz,Xalapa,México,Toluca,388.89,687.0,558.0,1245.0,4.533333333333333
Veracruz,Xalapa,Michoacán,Morelia,613.14,1083.2,1104.0,2187.2,6.033333333333333
Veracruz,Xalapa,Morelos,Cuernavaca,323.12,570.8,641.0,1211.8,3.6
Veracruz,Xalapa,Nayarit,Tepic,1051.57,1857.8,1930.0,3787.8,10.266666666666667
Veracruz,Xalapa,Nuevo León,Monterrey,1201.67,2123.0,1089.0,3212.0,12.116666666666667
Veracruz,Xalapa,Oaxaca,Oaxaca,451.47,797.6,538.0,1335.6,4.616666666666667
Veracruz,Xalapa,Puebla,Puebla,180.52,318.9,479.0,797.9,1.9166666666666665
Veracruz,Xalapa,Querétaro,Querétaro,499.89,883.1,1020.0,1903.1,4.8
Veracruz,Xalapa,Quintana Roo,Chetumal,1137.63,2009.8,797.0,2806.8,12.5
Veracruz,Xalapa,San Luis Potosí,San Luis Potosí,715.6,1264.2,880.0,2144.2,7.1
Veracruz,Xalapa,Sinaloa,Culiacán,1533.45,2709.1,2898.0,5607.1,14.816666666666666
Veracruz,Xalapa,Sonora,Hermosillo,2198.96,3884.8,3452.0,7336.8,21.183333333333334
Veracruz,Xalapa,Tabasco,Villahermosa,562.87,994.4,749.0,1743.4,5.516666666666667
Veracruz,Xalapa,Tamaulipas,Cd. Victoria,709.39,1253.3,158.0,1411.3,9.016666666666667
Veracruz,Xalapa,Tlaxcala,Tlaxcala,207.52,366.6,479.0,845.6,2.1166666666666667
Veracruz,Xalapa,Yucatán,Mérida,1103.58,1949.7,999.0,2948.7,12.283333333333333
Veracruz,Xalapa,Zacatecas,Zacatecas,939.78,1660.3,1345.0,3005.3,9.4
Yucatán,Mérida,Aguascalientes,Aguascalientes,1792.4,3166.6,2200.0,5366.6,18.5
Yucatán,Mérida,Baja California,Mexicali,3870.66,6838.2,4569.0,11407.2,39.1
Yucatán,Mérida,Baja California Sur,La Paz,5501.63,9719.5,4938.0,14657.5,59.516666666666666
Yucatán,Mérida,Campeche,Campeche,166.85,294.8,,294.8,2.35
Yucatán,Mérida,Chihuahua,Chihuahua,2720.19,4805.7,2655.0,7460.7,28.416666666666668
Yucatán,Mérida,Chiapas,Tuxtla Gutiérrez,801.3,1415.6,374.0,1789.6,9.7
Yucatán,Mérida,Distrito Federal,Cd. De México (Zócalo),1299.55,2295.9,1366.0,3661.9,14.333333333333334
Yucatán,Mérida,Coahuila,Saltillo,2129.63,3762.3,1941.0,5703.3,22.083333333333332
Yucatán,Mérida,Colima,Colima,2017.22,3563.8,2865.0,6428.8,20.616666666666667
Yucatán,Mérida,Durango,Durango,2187.94,3865.4,1837.0,5702.4,23.483333333333334
Yucatán,Mérida,Guanajuato,Guanajuato,1647.14,2909.9,1895.0,4804.9,17.366666666666667
Yucatán,Mérida,Guerrero,Chilpancingo,1491.0,2634.1,1585.0,4219.1,16.033333333333335
Yucatán,Mérida,Hidalgo,Pachuca,1312.4,2318.6,1426.0,3744.6,14.166666666666666
Yucatán,Mérida,Jalisco,Guadalajara,1827.92,3229.3,2552.0,5781.3,18.8
Yucatán,Mérida,México,Toluca,1366.86,2414.8,1454.0,3868.8,15.133333333333333
Yucatán,Mérida,Michoacán,Morelia,1591.11,2811.0,2000.0,4811.0,16.616666666666667
Yucatán,Mérida,Morelos,Cuernavaca,1318.04,2328.5,1344.0,3672.5,14.516666666666667
Yucatán,Mérida,Nayarit,Tepic,2029.53,3585.5,2826.0,6411.5,20.85
Yucatán,Mérida,Nuevo León,Monterrey,2179.63,3850.7,1985.0,5835.7,22.7
Yucatán,Mérida,Oaxaca,Oaxaca,1360.34,2403.3,1359.0,3762.3,14.6
Yucatán,Mérida,Puebla,Puebla,1175.44,2076.6,1182.0,3258.6,12.833333333333334
Yucatán,Mérida,Querétaro,Querétaro,1499.07,2648.4,1723.0,4371.4,15.783333333333333
Yucatán,Mérida,Quintana Roo,Chetumal,382.83,676.3,,676.3,5.366666666666666
Yucatán,Mérida,San Luis Potosí,San Luis Potosí,1693.57,2992.0,1776.0,4768.0,17.683333333333334
Yucatán,Mérida,Sinaloa,Culiacán,2511.42,4436.8,3794.0,8230.8,25.4
Yucatán,Mérida,Sonora,Hermosillo,3176.93,5612.6,4348.0,9960.6,31.783333333333335
Yucatán,Mérida,Tabasco,Villahermosa,549.5,970.8,250.0,1220.8,6.883333333333333
Yucatán,Mérida,Tamaulipas,Cd. Victoria,1753.77,3098.3,1169.0,4267.3,19.916666666666668
Yucatán,Mérida,Tlaxcala,Tlaxcala,1206.7,2131.8,1182.0,3313.8,13.1
Yucatán,Mérida,Veracruz,Xalapa,1112.37,1965.2,999.0,2964.2,12.4
Yucatán,Mérida,Zacatecas,Zacatecas,1917.75,3388.0,2241.0,5629.0,19.983333333333334
Zacatecas,Zacatecas,Aguascalientes,Aguascalientes,125.35,221.5,41.0,262.5,1.4666666666666668
Zacatecas,Zacatecas,Baja California,Mexicali,2121.08,3747.2,1787.0,5534.2,21.516666666666666
Zacatecas,Zacatecas,Baja California Sur,La Paz,3752.06,6628.6,2156.0,8784.6,41.93333333333333
Zacatecas,Zacatecas,Campeche,Campeche,1750.79,3093.1,2241.0,5334.1,17.766666666666666
Zacatecas,Zacatecas,Chihuahua,Chihuahua,833.79,1473.0,879.0,2352.0,8.35
Zacatecas,Zacatecas,Chiapas,Tuxtla Gutiérrez,1457.95,2575.7,2161.0,4736.7,13.9
Zacatecas,Zacatecas,Distrito Federal,Cd. De México (Zócalo),631.18,1115.1,822.0,1937.1,6.5
Zacatecas,Zacatecas,Coahuila,Saltillo,366.0,646.6,,646.6,4.2
Zacatecas,Zacatecas,Colima,Colima,551.42,974.2,897.0,1871.2,5.566666666666666
Zacatecas,Zacatecas,Durango,Durango,301.54,532.7,61.0,593.7,3.4166666666666665
Zacatecas,Zacatecas,Guanajuato,Guanajuato,310.63,548.8,370.0,918.8,3.3166666666666664
Zacatecas,Zacatecas,Guerrero,Chilpancingo,900.68,1591.2,1065.0,2656.2,9.2
Zacatecas,Zacatecas,Hidalgo,Pachuca,643.57,1137.0,765.0,1902.0,6.333333333333333
Zacatecas,Zacatecas,Jalisco,Guadalajara,362.12,639.7,584.0,1223.7,3.75
Zacatecas,Zacatecas,México,Toluca,628.0,1109.5,901.0,2010.5,6.3
Zacatecas,Zacatecas,Michoacán,Morelia,448.92,793.1,569.0,1362.1,4.633333333333333
Zacatecas,Zacatecas,Morelos,Cuernavaca,712.72,1259.1,824.0,2083.1,7.55
Zacatecas,Zacatecas,Nayarit,Tepic,563.74,995.9,858.0,1853.9,5.8
Zacatecas,Zacatecas,Nuevo León,Monterrey,436.0,770.3,,770.3,5.366666666666666
Zacatecas,Zacatecas,Oaxaca,Oaxaca,1086.33,1919.2,1386.0,3305.2,10.45
Zacatecas,Zacatecas,Puebla,Puebla,748.05,1321.6,1059.0,2380.6,7.316666666666666
Zacatecas,Zacatecas,Querétaro,Querétaro,418.68,739.7,518.0,1257.7,4.25
Zacatecas,Zacatecas,Quintana Roo,Chetumal,1943.01,3432.7,2039.0,5471.7,20.083333333333332
Zacatecas,Zacatecas,San Luis Potosí,San Luis Potosí,192.83,340.7,,340.7,2.35
Zacatecas,Zacatecas,Sinaloa,Culiacán,761.84,1345.9,1012.0,2357.9,7.816666666666666
Zacatecas,Zacatecas,Sonora,Hermosillo,1427.35,2521.7,1566.0,4087.7,14.2
Zacatecas,Zacatecas,Tabasco,Villahermosa,1368.25,2417.2,1991.0,4408.2,13.1
Zacatecas,Zacatecas,Tamaulipas,Cd. Victoria,516.73,912.9,77.0,989.9,6.066666666666666
Zacatecas,Zacatecas,Tlaxcala,Tlaxcala,734.34,1297.3,1088.0,2385.3,7.116666666666666
Zacatecas,Zacatecas,Veracruz,Xalapa,939.78,1660.3,1345.0,3005.3,9.4
Zacatecas,Zacatecas,Yucatán,Mérida,1908.96,3372.5,2241.0,5613.5,19.883333333333333
